SupplierID  ,SupplierName,ContactPhone ,ContactEmail ,CreationDate ,LastUpdated 
1,"Sun Bancorp, Inc.",782-919-2832,mkwietek0@yandex.ru,11/17/2023,9/15/2024
2,"Commerce Bancshares, Inc.",737-806-9238,scovington1@list-manage.com,10/5/2023,9/20/2024
3,"Thermon Group Holdings, Inc.",243-465-9326,gsheron2@sciencedaily.com,10/7/2023,10/6/2024
4,"Whole Foods Market, Inc.",196-273-8111,jhariot3@aol.com,12/2/2023,6/30/2024
5,Gladstone Investment Corporation,858-300-0231,tjacketts4@ameblo.jp,11/10/2023,5/7/2024
6,Hersha Hospitality Trust,715-385-8716,ptoulamain5@cornell.edu,12/18/2023,5/17/2024
7,"BJ's Restaurants, Inc.",566-634-2358,rburdikin6@is.gd,12/10/2023,3/29/2024
8,Marlin Business Services Corp.,443-425-2454,jcustard7@discuz.net,11/5/2023,6/15/2024
9,Nuveen California AMT-Free Quality Municipal Income Fund,700-901-0439,wgatlin8@cyberchimps.com,10/1/2023,4/6/2024
10,Medigus Ltd.,695-307-1515,lbrimacombe9@bbc.co.uk,11/24/2023,10/12/2024
11,McEwen Mining Inc.,769-524-4580,sdossettora@princeton.edu,11/6/2023,1/13/2024
12,"Heartland Express, Inc.",549-518-1291,bpuckerb@etsy.com,12/3/2023,5/6/2024
13,Atossa Genetics Inc.,144-682-5508,pdeguisec@mashable.com,10/11/2023,7/31/2024
14,"NeuroMetrix, Inc.",813-411-8833,gferriesd@xinhuanet.com,10/29/2023,4/14/2024
15,"Penn National Gaming, Inc.",781-726-5670,lsmaile@wix.com,11/13/2023,2/3/2024
16,"Parsley Energy, Inc.",841-477-2672,lhaslenf@foxnews.com,10/25/2023,8/23/2024
17,Generac Holdlings Inc.,365-771-3237,mcolebyg@arizona.edu,12/10/2023,3/1/2024
18,"KBR, Inc.",692-758-1455,cbardeyh@woothemes.com,11/19/2023,1/9/2024
19,Advent Claymore Convertible Securities and Income Fund II,208-434-1057,bpreslandi@behance.net,11/4/2023,1/16/2024
20,Innodata Inc.,365-260-9256,ubaguleyj@purevolume.com,11/6/2023,4/6/2024
21,"Achaogen, Inc.",565-135-9038,bginnik@geocities.jp,12/2/2023,7/23/2024
22,"SunCoke Energy Partners, L.P.",744-280-0098,rodugganl@hibu.com,10/28/2023,8/23/2024
23,NeoPhotonics Corporation,825-725-1676,amaccambridgem@cloudflare.com,12/12/2023,8/20/2024
24,"OptimumBank Holdings, Inc.",151-625-7739,asurguinen@spiegel.de,10/15/2023,1/24/2024
25,"Del Frisco's Restaurant Group, Inc.",687-406-3275,cmarryatto@jiathis.com,10/3/2023,7/1/2024
26,"RTI Surgical, Inc.",652-272-7504,vgowryp@hp.com,10/3/2023,9/24/2024
27,J P Morgan Chase & Co,738-873-4968,tplascottq@guardian.co.uk,12/4/2023,6/15/2024
28,Quest Diagnostics Incorporated,884-558-5835,vbeateyr@meetup.com,10/26/2023,6/24/2024
29,Bank of America Corporation,219-801-0941,cwhitelands@rakuten.co.jp,10/9/2023,8/18/2024
30,PowerShares KBW Regional Banking Portfolio,678-129-2038,acappt@shareasale.com,10/14/2023,3/16/2024
31,Naked Brand Group Inc.,223-603-1694,btytleru@tmall.com,12/4/2023,6/29/2024
32,Vanguard Russell 3000 ETF,354-279-9359,jwyonv@japanpost.jp,10/29/2023,8/27/2024
33,"Red Rock Resorts, Inc.",954-619-0168,bedisw@intel.com,11/19/2023,4/12/2024
34,Barings Corporate Investors,391-332-2577,ldoxseyx@posterous.com,10/20/2023,4/2/2024
35,Ashford Hospitality Trust Inc,270-779-2448,dfacery@go.com,11/7/2023,1/8/2024
36,Lloyds Banking Group Plc,525-644-1431,dabramsonz@hostgator.com,11/5/2023,7/21/2024
37,Saban Capital Acquisition Corp.,243-243-0768,mmilbank10@zimbio.com,11/13/2023,9/16/2024
38,Fang Holdings Limited,742-344-9166,bullock11@go.com,11/12/2023,4/19/2024
39,PowerShares Variable Rate Investment Grade Portfolio,229-434-0551,apeevor12@meetup.com,10/15/2023,8/19/2024
40,"Alexander's, Inc.",554-756-1523,mcaiger13@hexun.com,12/14/2023,8/30/2024
41,TechnipFMC plc,410-936-6562,rleppington14@diigo.com,11/28/2023,3/13/2024
42,Navient Corporation,302-126-4467,tcarnie15@google.co.jp,11/5/2023,8/31/2024
43,Center Coast MLP & Infrastructure Fund,963-786-1853,ccarwithan16@google.com.br,10/10/2023,2/9/2024
44,Conduent Incorporated,682-767-1374,bsander17@buzzfeed.com,10/16/2023,3/21/2024
45,"Equity Lifestyle Properties, Inc.",605-986-3591,semery18@slashdot.org,11/7/2023,7/2/2024
46,"Synopsys, Inc.",414-486-5965,clongfut19@jiathis.com,10/7/2023,9/15/2024
47,"Guaranty Bancshares, Inc.",241-155-6822,eerik1a@berkeley.edu,10/15/2023,2/17/2024
48,Global Medical REIT Inc.,800-262-4162,rbesque1b@sciencedirect.com,12/19/2023,4/28/2024
49,"Allete, Inc.",213-680-0108,mdickie1c@slideshare.net,12/13/2023,4/17/2024
50,Whirlpool Corporation,999-599-9756,gbrute1d@prweb.com,12/4/2023,1/2/2024
51,"Community Health Systems, Inc.",197-684-7178,sbanat1e@walmart.com,12/5/2023,6/29/2024
52,Martin Midstream Partners L.P.,480-108-5074,psalomon1f@wisc.edu,10/27/2023,1/27/2024
53,Las Vegas Sands Corp.,571-430-1500,cmoyler1g@abc.net.au,12/22/2023,2/17/2024
54,Invesco Quality Municipal Income Trust,359-140-5786,gdehmel1h@scientificamerican.com,10/15/2023,2/16/2024
55,Vanguard Long-Term Corporate Bond ETF,946-537-1224,druhben1i@scribd.com,10/24/2023,3/24/2024
56,Northwest Natural Gas Company,995-898-8450,hpardal1j@virginia.edu,10/28/2023,3/2/2024
57,PIMCO Income Strategy Fund II,525-996-0821,hserjeant1k@elpais.com,11/19/2023,2/19/2024
58,"Selecta Biosciences, Inc.",211-845-0459,bmelbert1l@pinterest.com,10/5/2023,4/25/2024
59,SVB Financial Group,878-358-7676,gpavek1m@stumbleupon.com,10/23/2023,8/23/2024
60,"Versum Materials, Inc.",193-644-4642,lfilson1n@blinklist.com,11/15/2023,3/14/2024
61,Santander Consumer USA Holdings Inc.,233-382-9342,wwalkley1o@dailymotion.com,11/12/2023,4/4/2024
62,United Community Bancorp,505-872-9736,mturnpenny1p@google.nl,10/22/2023,8/14/2024
63,WisdomTree Emerging Markets Consumer Growth Fund,516-832-4237,lsabban1q@senate.gov,11/27/2023,9/19/2024
64,"Exactech, Inc.",878-854-5199,hklemmt1r@samsung.com,10/3/2023,7/19/2024
65,"Fidelity National Information Services, Inc.",298-216-9191,nivens1s@comcast.net,11/16/2023,9/15/2024
66,Piper Jaffray Companies,985-827-4777,cbausor1t@nifty.com,12/2/2023,6/15/2024
67,"Freightcar America, Inc.",831-599-2690,atatersale1u@linkedin.com,10/27/2023,1/18/2024
68,"RealNetworks, Inc.",314-332-6513,jtomicki1v@youku.com,10/11/2023,3/21/2024
69,"Barracuda Networks, Inc.",476-867-6641,mvears1w@cdc.gov,11/16/2023,6/24/2024
70,Blackrock MuniYield Investment QualityFund,909-660-7564,vbrasier1x@shareasale.com,10/19/2023,4/6/2024
71,Vanda Pharmaceuticals Inc.,299-501-5617,chrishanok1y@gravatar.com,10/29/2023,6/12/2024
72,"Celestica, Inc.",133-905-6797,hchappelle1z@constantcontact.com,12/19/2023,7/3/2024
73,Liberty Interactive Corporation,214-463-9927,cwilshin20@cam.ac.uk,11/14/2023,6/26/2024
74,Corcept Therapeutics Incorporated,124-601-4339,mlouche21@fotki.com,11/3/2023,9/14/2024
75,"Proto Labs, Inc.",212-391-0936,edolling22@ucla.edu,10/24/2023,3/25/2024
76,Silvercrest Asset Management Group Inc.,546-861-2686,ncockarill23@i2i.jp,10/9/2023,5/25/2024
77,Barington/Hilco Acquisition Corp.,104-807-3941,tallen24@example.com,10/6/2023,9/9/2024
78,Charles & Colvard Ltd,390-777-2622,croebuck25@usda.gov,12/19/2023,7/3/2024
79,First Trust Brazil AlphaDEX Fund,872-152-6912,mstuther26@bloglines.com,11/6/2023,6/5/2024
80,Vornado Realty Trust,217-388-5170,alille27@sitemeter.com,11/13/2023,2/13/2024
81,"CNO Financial Group, Inc.",998-172-2707,clille28@qq.com,11/8/2023,2/12/2024
82,E.I. du Pont de Nemours and Company,688-716-6067,nslingsby29@photobucket.com,10/3/2023,7/1/2024
83,American Tower Corporation (REIT),370-946-7407,espitell2a@printfriendly.com,12/22/2023,7/21/2024
84,Global X NASDAQ China Technology ETF,507-758-5084,mplet2b@go.com,11/12/2023,4/13/2024
85,"Boston Beer Company, Inc. (The)",491-935-8714,gcrickmore2c@ibm.com,10/13/2023,7/9/2024
86,"MarketAxess Holdings, Inc.",358-242-7956,tnoore2d@cbslocal.com,11/1/2023,9/13/2024
87,"Methode Electronics, Inc.",138-753-1636,jrihosek2e@businessweek.com,12/9/2023,5/17/2024
88,Yahoo! Inc.,287-861-8227,jcheek2f@facebook.com,12/2/2023,3/10/2024
89,Fortuna Silver Mines Inc.,546-646-9352,dspondley2g@ezinearticles.com,10/31/2023,2/25/2024
90,Dynatronics Corporation,275-162-6304,ethomtson2h@arizona.edu,12/20/2023,6/4/2024
91,"iKang Healthcare Group, Inc.",543-184-2648,sdrees2i@usnews.com,11/9/2023,6/12/2024
92,Bank Mutual Corporation,466-243-8991,wgrob2j@bbc.co.uk,11/9/2023,1/27/2024
93,Newmont Mining Corporation,687-547-1583,ckempster2k@flavors.me,10/23/2023,5/4/2024
94,DDR Corp.,472-111-0934,kfirebrace2l@sitemeter.com,12/21/2023,9/3/2024
95,Newtek Business Services Corp.,937-257-1318,nmeecher2m@archive.org,10/22/2023,8/18/2024
96,"Ra Pharmaceuticals, Inc.",682-610-3297,nkingshott2n@opensource.org,11/4/2023,6/11/2024
97,Vanguard Russell 2000 Growth ETF,840-110-9322,kjanczak2o@foxnews.com,11/2/2023,4/5/2024
98,"The Habit Restaurants, Inc.",346-341-5323,dleehane2p@forbes.com,11/18/2023,10/5/2024
99,Medley Capital Corporation,398-140-8982,mscryne2q@soup.io,10/8/2023,8/11/2024
100,BLDRS Developed Markets 100 ADR Index Fund,263-532-7356,cvaldes2r@examiner.com,10/28/2023,10/7/2024
101,Torchmark Corporation,529-234-1234,cbramsen2s@samsung.com,12/12/2023,4/23/2024
102,SandRidge Mississippian Trust I,650-311-4208,oleggs2t@fda.gov,11/22/2023,6/24/2024
103,RADA Electronic Industries Ltd.,471-143-5437,smadner2u@bravesites.com,11/22/2023,6/7/2024
104,"Bank of the James Financial Group, Inc.",170-498-8703,ptruesdale2v@buzzfeed.com,11/12/2023,1/27/2024
105,TravelCenters of America LLC,708-118-1578,apereira2w@youtube.com,12/4/2023,1/24/2024
106,"Connecture, Inc.",771-992-8075,gcluer2x@booking.com,10/13/2023,5/11/2024
107,Sutherland Asset Management Corporation,546-562-6132,bbausmann2y@exblog.jp,10/10/2023,3/19/2024
108,Blackrock Global,713-960-8148,smelluish2z@newyorker.com,10/3/2023,10/7/2024
109,CNH Industrial N.V.,959-675-6460,frome30@icio.us,12/20/2023,1/11/2024
110,"PIMCO Strategic Income Fund, Inc.",632-821-4510,mdmitrienko31@sciencedaily.com,11/4/2023,8/2/2024
111,"Southern First Bancshares, Inc.",730-365-8194,cdanilishin32@gnu.org,10/10/2023,1/10/2024
112,ORBCOMM Inc.,655-987-4219,bhandman33@eventbrite.com,11/27/2023,1/28/2024
113,"First Community Financial Partners, Inc.",390-310-6330,lmorsom34@prweb.com,12/12/2023,7/2/2024
114,"Heron Therapeutics, Inc.  ",189-921-8108,jrenshaw35@live.com,11/5/2023,3/26/2024
115,Tecnoglass Inc.,150-596-3958,tsimon36@free.fr,10/21/2023,1/31/2024
116,"Tactile Systems Technology, Inc.",274-194-5645,tjakeman37@printfriendly.com,12/22/2023,10/1/2024
117,Nova Measuring Instruments Ltd.,522-224-5935,amccorry38@free.fr,10/5/2023,5/3/2024
118,Liberty Interactive Corporation,769-305-1931,gcottisford39@odnoklassniki.ru,11/14/2023,5/25/2024
119,Tsakos Energy Navigation Ltd,707-824-6224,rmazzey3a@statcounter.com,12/1/2023,8/4/2024
120,Invesco Plc,357-248-4295,abessant3b@tmall.com,11/11/2023,3/31/2024
121,Ascendis Pharma A/S,956-153-0347,rgoldsack3c@unc.edu,11/27/2023,9/16/2024
122,John Hancock Hedged Equity & Income Fund,876-184-5535,gbuston3d@sbwire.com,10/27/2023,2/7/2024
123,Kansas City Southern,715-925-9817,msowrey3e@bbb.org,10/13/2023,2/11/2024
124,Wells Fargo & Company,629-673-2511,lhourican3f@tinyurl.com,11/12/2023,9/2/2024
125,"MFA Financial, Inc.",906-151-7054,lwisam3g@google.com.hk,12/1/2023,8/4/2024
126,Brookfield Infrastructure Partners LP,659-106-8478,ggrimsdike3h@admin.ch,12/17/2023,5/24/2024
127,Boulevard Acquisition Corp. II,676-197-4285,gkinchley3i@unblog.fr,10/11/2023,5/26/2024
128,"New Ireland Fund, Inc. (The)",606-986-5039,agraddell3j@unicef.org,12/15/2023,3/25/2024
129,"Power Integrations, Inc.",344-132-4993,yfabbri3k@disqus.com,10/16/2023,3/12/2024
130,Markel Corporation,812-497-3609,kcurton3l@rambler.ru,11/2/2023,9/15/2024
131,"Arista Networks, Inc.",184-222-7385,etomaello3m@t-online.de,11/10/2023,3/5/2024
132,"PRA Health Sciences, Inc.",425-329-3641,clambertz3n@dropbox.com,12/7/2023,9/25/2024
133,"Sino-Global Shipping America, Ltd.",874-131-6903,cheales3o@indiatimes.com,10/22/2023,9/13/2024
134,Arbor Realty Trust,219-537-0875,nmurname3p@umich.edu,10/24/2023,5/7/2024
135,Guggenheim Credit Allocation Fund,697-663-4073,dhancell3q@over-blog.com,11/28/2023,6/22/2024
136,New Media Investment Group Inc.,834-715-4648,thauxby3r@pbs.org,10/28/2023,5/14/2024
137,"Energy XXI Gulf Coast, Inc.",890-991-2316,coluby3s@loc.gov,10/16/2023,2/10/2024
138,SecureWorks Corp.,296-492-1953,amccaskill3t@state.tx.us,12/1/2023,4/8/2024
139,Ciena Corporation,250-778-2037,kbarter3u@pbs.org,12/18/2023,6/16/2024
140,Vanguard Emerging Markets Government Bond ETF,519-603-9648,mtisor3v@upenn.edu,11/4/2023,3/1/2024
141,Service Corporation International,131-778-8729,pingledew3w@hp.com,10/14/2023,3/2/2024
142,OHA Investment Corporation,402-322-8951,rrittmeier3x@state.gov,12/4/2023,7/13/2024
143,"James River Group Holdings, Ltd.",389-429-7319,okacheller3y@mayoclinic.com,12/8/2023,4/28/2024
144,Qualstar Corporation,767-843-8044,qdifilippo3z@seesaa.net,12/17/2023,2/25/2024
145,"Grifols, S.A.",693-852-4297,skeningham40@purevolume.com,11/13/2023,4/25/2024
146,Enel Americas S.A.,335-555-1951,gorkney41@smh.com.au,12/18/2023,7/16/2024
147,SM Energy Company,487-623-3710,amactavish42@wired.com,11/21/2023,2/29/2024
148,Cenovus Energy Inc,915-809-5966,adenniston43@gizmodo.com,10/2/2023,4/23/2024
149,Dynegy Inc.,632-309-4673,mobispo44@squarespace.com,11/18/2023,4/8/2024
150,"Del Taco Restaurants, Inc.",221-436-2485,nkunrad45@marketwatch.com,11/20/2023,2/17/2024
151,Luna Innovations Incorporated,596-815-0250,jolivie46@narod.ru,12/22/2023,5/11/2024
152,RenaissanceRe Holdings Ltd.,383-464-4011,otarling47@gmpg.org,10/22/2023,1/6/2024
153,"Vantiv, Inc.",175-987-0944,ikelf48@e-recht24.de,10/27/2023,5/11/2024
154,Nuveen Missouri Quality Municipal Income Fund,270-663-0430,jhopewell49@weebly.com,10/27/2023,4/2/2024
155,Prana Biotechnology Ltd,375-857-0701,aschwand4a@furl.net,10/15/2023,9/21/2024
156,Rio Tinto Plc,205-751-7012,ofenny4b@howstuffworks.com,12/5/2023,10/3/2024
157,"LG Display Co., Ltd.",720-652-7866,fgarwill4c@wp.com,10/16/2023,4/19/2024
158,General Electric Capital Corporation,650-950-0425,agoligher4d@taobao.com,10/21/2023,8/16/2024
159,Braskem S.A.,321-563-6563,inono4e@wordpress.com,10/23/2023,7/15/2024
160,"White Mountains Insurance Group, Ltd.",860-952-3935,gabbatini4f@weather.com,11/30/2023,9/8/2024
161,"Maxwell Technologies, Inc.",938-513-1738,lvacher4g@cam.ac.uk,10/7/2023,7/2/2024
162,Seaspan Corporation,845-723-7926,dsulter4h@cdc.gov,11/8/2023,1/23/2024
163,Nuveen Select Tax Free Income Portfolio II,714-184-3716,rdevenish4i@usda.gov,12/16/2023,9/16/2024
164,PowerShares High Yield Equity Dividend Achievers Portfolio,688-567-4487,abracknall4j@smugmug.com,12/22/2023,6/2/2024
165,"ING Group, N.V.",909-156-9162,omacknocker4k@webmd.com,11/10/2023,7/4/2024
166,Laboratory Corporation of America Holdings,802-809-0551,anelligan4l@ox.ac.uk,10/26/2023,4/20/2024
167,OFG Bancorp,375-768-8543,brysom4m@addtoany.com,11/28/2023,2/5/2024
168,WisdomTree U.S. SmallCap Quality Dividend Growth Fund,904-746-0774,vopdenorth4n@cdbaby.com,11/26/2023,4/7/2024
169,"CIRCOR International, Inc.",966-971-6793,bpetronis4o@addthis.com,10/15/2023,3/15/2024
170,Avista Healthcare Public Acquisition Corp.,208-500-1051,rkeers4p@timesonline.co.uk,10/27/2023,4/23/2024
171,Seaspan Corporation,412-769-4371,dmullineux4q@ca.gov,12/20/2023,9/15/2024
172,CyrusOne Inc,449-515-1941,jsonner4r@g.co,10/10/2023,3/7/2024
173,"Goldman Sachs Group, Inc. (The)",162-476-4831,aestick4s@wiley.com,10/24/2023,9/9/2024
174,"Mueller Industries, Inc.",358-175-7553,njako4t@wsj.com,12/22/2023,8/29/2024
175,"Western Gas Partners, LP",166-703-4866,hrangall4u@eventbrite.com,11/15/2023,6/17/2024
176,"Castlight Health, inc.",575-174-3295,rtrethowan4v@edublogs.org,11/21/2023,3/5/2024
177,Kimco Realty Corporation,505-147-9178,mlevett4w@comsenz.com,11/25/2023,8/27/2024
178,"Thermon Group Holdings, Inc.",692-831-8777,kkeymar4x@wired.com,11/11/2023,4/12/2024
179,McEwen Mining Inc.,685-563-0346,flandell4y@princeton.edu,10/9/2023,7/29/2024
180,Evogene Ltd.,179-394-0090,ddallaghan4z@ehow.com,11/10/2023,3/12/2024
181,"Richardson Electronics, Ltd.",750-383-0032,aderle50@uol.com.br,12/2/2023,2/12/2024
182,Protective Life Corporation,780-959-6933,dbebbell51@mapy.cz,10/13/2023,1/18/2024
183,Phillips 66 Partners LP,224-777-9531,tcragg52@examiner.com,10/30/2023,8/7/2024
184,"Western Refining Logistics, LP",312-907-3780,kscotchmor53@sina.com.cn,12/15/2023,6/10/2024
185,"Wal-Mart Stores, Inc.",953-388-7642,bgon54@surveymonkey.com,12/3/2023,1/27/2024
186,Hooker Furniture Corporation,860-577-5550,epozer55@weibo.com,12/9/2023,9/27/2024
187,Shaw Communications Inc.,156-840-5009,mpease56@comcast.net,10/18/2023,8/16/2024
188,Immersion Corporation,291-885-6780,csteenson57@sakura.ne.jp,10/26/2023,3/2/2024
189,"J. Jill, Inc.",374-622-6921,dokie58@uol.com.br,12/9/2023,4/1/2024
190,Christopher & Banks Corporation,547-986-7245,kapfel59@fc2.com,11/10/2023,6/27/2024
191,J P Morgan Chase & Co,365-437-8090,cspurritt5a@sciencedaily.com,10/29/2023,1/10/2024
192,Enel Chile S.A.,314-740-6490,hthirst5b@blinklist.com,11/3/2023,2/7/2024
193,Blackrock Capital and Income Strategies Fund Inc,915-112-2594,gtruss5c@mail.ru,11/27/2023,6/9/2024
194,Medtronic plc,367-446-6496,hpetti5d@slashdot.org,11/19/2023,2/9/2024
195,"Diplomat Pharmacy, Inc.",448-414-5504,ncausey5e@techcrunch.com,10/8/2023,2/14/2024
196,"Raven Industries, Inc.",551-752-4593,ystitch5f@multiply.com,12/9/2023,3/5/2024
197,Leaf Group Ltd.,314-639-9773,dgrossman5g@amazon.co.uk,12/21/2023,9/10/2024
198,"Nike, Inc.",204-919-2254,tkhomishin5h@ask.com,11/9/2023,6/26/2024
199,eGain Corporation,646-815-6318,srowter5i@lulu.com,10/31/2023,7/6/2024
200,"Banco Santander, S.A.",475-876-8357,bchecchetelli5j@usa.gov,10/11/2023,2/25/2024
201,"NeoGenomics, Inc.",136-520-0666,mtombling5k@nba.com,10/24/2023,10/5/2024
202,"SS&C Technologies Holdings, Inc.",193-975-0752,bschrieves5l@oakley.com,11/25/2023,2/5/2024
203,"Golub Capital BDC, Inc.",322-361-2574,fcorah5m@360.cn,12/1/2023,2/14/2024
204,"First Savings Financial Group, Inc.",987-984-9345,karias5n@nymag.com,10/11/2023,8/23/2024
205,"Cable One, Inc.",547-169-8765,rvalentine5o@ask.com,11/26/2023,2/28/2024
206,"HFF, Inc.",907-601-0780,parkill5p@topsy.com,10/28/2023,3/1/2024
207,Ally Financial Inc.,241-804-8003,fcalles5q@yolasite.com,10/5/2023,8/8/2024
208,Garmin Ltd.,189-964-8647,umayne5r@yahoo.com,11/19/2023,8/25/2024
209,"Ascent Capital Group, Inc.",182-369-5471,cbanyard5s@artisteer.com,12/17/2023,8/29/2024
210,ACNB Corporation,773-368-3877,jkaine5t@stumbleupon.com,11/11/2023,7/4/2024
211,"Maiden Holdings, Ltd.",119-218-9367,dmonketon5u@soup.io,12/6/2023,5/9/2024
212,"SmartFinancial, Inc.",402-507-7781,usherwill5v@home.pl,10/24/2023,3/20/2024
213,Invesco California Value Municipal Income Trust,701-624-7976,aleadbeatter5w@pbs.org,10/14/2023,5/4/2024
214,LCNB Corporation,108-978-1953,aperrygo5x@yale.edu,12/3/2023,6/5/2024
215,"Alon USA Partners, LP",196-573-5391,xhagerty5y@com.com,12/21/2023,6/20/2024
216,"BioCryst Pharmaceuticals, Inc.",175-880-0372,cmatteucci5z@blogtalkradio.com,10/2/2023,3/8/2024
217,"JA Solar Holdings, Co., Ltd.",192-992-5389,bbolver60@tiny.cc,11/4/2023,6/3/2024
218,Orion Engineered Carbons S.A,657-165-8692,phaspineall61@xrea.com,11/2/2023,5/10/2024
219,Wayfair Inc.,467-926-7362,mmadine62@addtoany.com,11/19/2023,7/4/2024
220,"Del Taco Restaurants, Inc.",533-102-1947,cbrissenden63@scientificamerican.com,10/27/2023,5/7/2024
221,"Rush Enterprises, Inc.",462-110-2049,mdarker64@webs.com,10/8/2023,6/10/2024
222,"TerraVia Holdings, Inc.",233-364-7761,ljerdon65@boston.com,10/17/2023,7/23/2024
223,American Tower Corporation (REIT),715-319-2957,rstate66@fda.gov,12/5/2023,7/3/2024
224,"Yum! Brands, Inc.",736-294-5412,mmcbrearty67@behance.net,11/4/2023,6/5/2024
225,Mountain Province Diamonds Inc.,104-826-9402,kcopnar68@gov.uk,10/11/2023,6/15/2024
226,Service Corporation International,458-948-5354,jpetley69@blogtalkradio.com,11/29/2023,8/9/2024
227,Global X Conscious Companies ETF,598-454-8285,hjowers6a@latimes.com,12/10/2023,3/5/2024
228,"SuperCom, Ltd.",493-516-7121,theadly6b@toplist.cz,11/28/2023,9/1/2024
229,"Rexford Industrial Realty, Inc.",712-162-8644,dwoolliams6c@hud.gov,10/20/2023,8/7/2024
230,ChannelAdvisor Corporation,915-756-8998,jsandford6d@gmpg.org,10/24/2023,3/28/2024
231,"Vectrus, Inc.",146-752-4564,sluetkemeyers6e@jalbum.net,11/9/2023,3/26/2024
232,"Insmed, Inc.",829-347-3570,wilive6f@seesaa.net,10/27/2023,2/14/2024
233,Cincinnati Financial Corporation,230-481-2508,hteggart6g@chronoengine.com,12/12/2023,9/5/2024
234,TravelCenters of America LLC,349-656-3824,epapaminas6h@bigcartel.com,11/24/2023,1/30/2024
235,Cooper Tire & Rubber Company,912-459-1664,ssturge6i@blogtalkradio.com,11/15/2023,9/14/2024
236,First Trust RBA Quality Income ETF,788-292-9914,jgalpen6j@netlog.com,10/31/2023,7/17/2024
237,Crawford & Company,927-562-4872,ariby6k@columbia.edu,11/26/2023,10/12/2024
238,Seaspan Corporation,896-344-0036,cdrinkale6l@gravatar.com,11/28/2023,10/12/2024
239,Approach Resources Inc.,599-113-0504,nmarians6m@e-recht24.de,12/7/2023,6/14/2024
240,Adtalem Global Education Inc.,485-628-0355,jamiable6n@blogger.com,11/29/2023,5/26/2024
241,"German American Bancorp, Inc.",336-871-6797,gskull6o@wikimedia.org,12/7/2023,9/5/2024
242,Vanguard Intermediate-Term Corporate Bond ETF,837-227-8271,rbrydie6p@arstechnica.com,11/19/2023,1/4/2024
243,SVB Financial Group,506-410-6459,bdjurisic6q@unc.edu,10/11/2023,4/20/2024
244,Bank of America Corporation,771-374-7216,ltees6r@wordpress.com,11/18/2023,5/7/2024
245,Zoetis Inc.,219-250-2450,ccheeld6s@cnbc.com,11/9/2023,10/4/2024
246,SodaStream International Ltd.,129-385-1539,rricioppo6t@quantcast.com,10/5/2023,9/14/2024
247,"Green Brick Partners, Inc.",122-234-5041,shamberston6u@webeden.co.uk,10/12/2023,6/17/2024
248,Avista Healthcare Public Acquisition Corp.,857-555-1224,kkornilov6v@psu.edu,12/12/2023,8/30/2024
249,AZZ Inc.,630-744-7793,mkermeen6w@google.es,12/6/2023,4/19/2024
250,Bank of America Corporation,395-147-6175,rboshers6x@tripadvisor.com,10/6/2023,7/31/2024
251,Western Asset Investment Grade Defined Opportunity Trust Inc.,274-572-0998,abraunfeld6y@cnn.com,10/4/2023,7/2/2024
252,Nuveen Tax-Advantaged Total Return Strategy Fund,101-219-1207,ashelbourne6z@usda.gov,10/3/2023,9/19/2024
253,R.R. Donnelley & Sons Company,284-425-9212,lparcall70@nyu.edu,10/26/2023,10/1/2024
254,"P.A.M. Transportation Services, Inc.",715-797-9296,bbrute71@time.com,10/1/2023,3/14/2024
255,"Hamilton Bancorp, Inc.",212-770-1958,csawrey72@npr.org,12/20/2023,7/25/2024
256,Ramco-Gershenson Properties Trust,920-434-4020,cspacy73@yolasite.com,12/15/2023,5/20/2024
257,"AVEO Pharmaceuticals, Inc.",562-971-5343,hpruckner74@gravatar.com,11/16/2023,6/29/2024
258,"Overstock.com, Inc.",404-317-0548,dmorican75@mashable.com,11/25/2023,2/9/2024
259,"SeaChange International, Inc.",747-922-1462,mmacaulay76@blogtalkradio.com,12/6/2023,2/5/2024
260,DTE Energy Company,931-208-8871,oorowane77@livejournal.com,11/23/2023,8/15/2024
261,Mechel PAO,193-611-5688,cstadding78@businessweek.com,11/21/2023,5/20/2024
262,Wells Fargo & Company,478-703-7919,cmilesap79@istockphoto.com,11/2/2023,10/3/2024
263,"RigNet, Inc.",692-563-8482,tcavil7a@sphinn.com,12/9/2023,1/21/2024
264,"Waterstone Financial, Inc.",551-635-7394,mrockhill7b@xinhuanet.com,10/20/2023,3/25/2024
265,Cadence Bancorporation,864-982-5765,lholburn7c@ihg.com,10/13/2023,7/24/2024
266,"Pfizer, Inc.",702-388-4903,lbalharry7d@ed.gov,10/24/2023,1/10/2024
267,"Nasdaq, Inc.",256-425-0630,rmoulsdall7e@businessweek.com,10/15/2023,1/12/2024
268,OM Asset Management plc,249-294-7895,ihaskey7f@ifeng.com,11/20/2023,1/24/2024
269,Northrop Grumman Corporation,422-538-6260,omowle7g@imgur.com,12/14/2023,4/9/2024
270,"Praxair, Inc.",438-385-6196,wmalthouse7h@admin.ch,12/15/2023,9/18/2024
271,PowerShares Nasdaq Internet Portfolio,458-758-7395,lbenzies7i@admin.ch,12/3/2023,8/8/2024
272,Pacific Special Acquisition Corp.,427-238-7618,dgorwood7j@businessinsider.com,12/4/2023,4/15/2024
273,Harsco Corporation,829-738-1494,tburgher7k@livejournal.com,10/8/2023,5/14/2024
274,Dover Downs Gaming & Entertainment Inc,779-127-6622,avivash7l@photobucket.com,12/4/2023,7/1/2024
275,"Malibu Boats, Inc.",527-287-7389,fhandrik7m@joomla.org,11/8/2023,6/19/2024
276,"Zimmer Biomet Holdings, Inc.",842-892-2039,gasipenko7n@cmu.edu,10/17/2023,9/17/2024
277,Frank's International N.V.,464-190-8829,pkelwaybamber7o@liveinternet.ru,10/1/2023,9/11/2024
278,Semgroup Corporation,220-923-6462,cdugdale7p@spotify.com,11/16/2023,7/26/2024
279,"Nord Anglia Education, Inc.",535-499-5090,skillelay7q@thetimes.co.uk,12/12/2023,2/15/2024
280,"Cedar Realty Trust, Inc.",621-831-8119,twethers7r@cmu.edu,11/16/2023,1/20/2024
281,"Colony NorthStar, Inc.",428-728-4563,bdeveral7s@intel.com,10/27/2023,7/3/2024
282,"CenterState Banks, Inc.",961-959-5883,veversfield7t@bing.com,12/17/2023,8/19/2024
283,ClearBridge All Cap Growth ETF,360-813-0960,teadington7u@miitbeian.gov.cn,12/13/2023,2/1/2024
284,"ModusLink Global Solutions, Inc",316-261-1320,buttley7v@bing.com,10/27/2023,1/16/2024
285,PIMCO Dynamic Credit and Mortgage Income Fund,542-568-5852,bmanueli7w@sciencedirect.com,12/15/2023,2/2/2024
286,GCP Applied Technologies Inc.,289-815-5464,mwillans7x@opensource.org,12/2/2023,3/26/2024
287,Eagle Point Credit Company Inc.,737-734-4225,ilee7y@bing.com,12/16/2023,1/31/2024
288,Kroger Company (The),403-353-7462,fsieghard7z@qq.com,10/14/2023,3/19/2024
289,Array BioPharma Inc.,817-384-0028,cjansa80@w3.org,10/17/2023,7/3/2024
290,Modine Manufacturing Company,863-216-6240,mmenhenitt81@wufoo.com,10/13/2023,6/17/2024
291,"NetScout Systems, Inc.",508-340-6379,ahorley82@google.pl,11/8/2023,4/29/2024
292,Inphi Corporation,869-557-0524,aambrosch83@utexas.edu,11/23/2023,3/25/2024
293,"CenturyLink, Inc.",993-559-7971,efaers84@friendfeed.com,11/5/2023,3/5/2024
294,H. B. Fuller Company,877-107-8700,lallcoat85@google.ca,12/16/2023,7/24/2024
295,"Selective Insurance Group, Inc.",123-904-3486,kfeveryear86@tinypic.com,11/2/2023,2/4/2024
296,Celyad SA,361-749-3759,fseavers87@globo.com,10/12/2023,4/14/2024
297,"Teligent, Inc.",791-477-8420,msenyard88@usatoday.com,12/8/2023,2/2/2024
298,"Seres Therapeutics, Inc.",363-102-5178,jbax89@miitbeian.gov.cn,11/8/2023,2/23/2024
299,"Care Capital Properties, Inc.",120-777-9712,aforestall8a@cbc.ca,10/24/2023,4/25/2024
300,Costamare Inc.,333-222-9046,fwarren8b@slashdot.org,11/6/2023,8/20/2024
301,Invesco Trust for Investment Grade Municipals,608-965-7378,minchbald8c@thetimes.co.uk,11/28/2023,8/22/2024
302,Kayne Anderson MLP Investment Company,465-317-7075,tliddard8d@mozilla.com,11/21/2023,10/1/2024
303,First Trust Nasdaq Bank ETF,685-324-0486,rdrakeford8e@quantcast.com,10/7/2023,1/12/2024
304,LSI Industries Inc.,289-682-7515,lantonutti8f@miitbeian.gov.cn,10/24/2023,4/17/2024
305,"Blackrock MuniYield California Fund, Inc.",515-440-0404,hfarmloe8g@amazon.de,10/19/2023,10/1/2024
306,National Steel Company,782-916-2826,mpaige8h@loc.gov,11/19/2023,5/6/2024
307,First Trust Cloud Computing ETF,184-831-8302,jmonkley8i@bandcamp.com,11/28/2023,7/20/2024
308,"Trevena, Inc.",171-800-6473,pmicka8j@dyndns.org,11/2/2023,1/13/2024
309,International Paper Company,898-403-6068,nphaup8k@gov.uk,10/1/2023,4/25/2024
310,Flaherty & Crumrine Preferred Income Opportunity Fund Inc,372-749-7746,rsacaze8l@plala.or.jp,12/14/2023,2/22/2024
311,"j2 Global, Inc.",852-648-9645,gbalshaw8m@unblog.fr,10/7/2023,4/23/2024
312,Aradigm Corporation,245-830-8986,hbourgeois8n@npr.org,12/21/2023,6/4/2024
313,Westmoreland Coal Company,101-758-7167,tadamsen8o@github.io,12/9/2023,7/11/2024
314,"Watsco, Inc.",357-810-0347,nfreathy8p@marketwatch.com,10/17/2023,10/12/2024
315,FlexShares Credit-Scored US Long Corporate Bond Index Fund,470-127-3976,sforcer8q@china.com.cn,10/13/2023,7/27/2024
316,"Dreyfus Strategic Municipals, Inc.",967-303-3522,cporteous8r@angelfire.com,12/13/2023,3/3/2024
317,Qwest Corporation,543-566-9558,cthreadgold8s@rambler.ru,10/24/2023,2/8/2024
318,"Continental Resources, Inc.",404-838-8704,agormally8t@newsvine.com,10/15/2023,5/4/2024
319,Medley Capital Corporation,699-326-0470,apaye8u@reference.com,10/2/2023,1/8/2024
320,Madison Covered Call & Equity Strategy Fund,704-477-5316,hbecarra8v@myspace.com,10/24/2023,8/14/2024
321,"Green Brick Partners, Inc.",630-949-9177,agrzesiak8w@nifty.com,12/19/2023,9/27/2024
322,Invesco Municipal Income Opportunities Trust,435-662-5420,dfrear8x@clickbank.net,10/5/2023,3/9/2024
323,ASA Gold and Precious Metals Limited,313-951-6088,jkunkler8y@g.co,11/18/2023,6/16/2024
324,"Boston Private Financial Holdings, Inc.",216-258-4895,econyer8z@plala.or.jp,10/6/2023,4/2/2024
325,X-Links Silver Shares Covered Call ETN,304-658-3423,dbello90@photobucket.com,10/14/2023,2/23/2024
326,"Forrester Research, Inc.",602-115-0850,ngerardeaux91@ibm.com,11/10/2023,8/5/2024
327,Canterbury Park Holding Corporation,265-209-7147,cpopple92@unc.edu,11/16/2023,4/7/2024
328,"Zynerba Pharmaceuticals, Inc.",616-712-0770,rcastellet93@ezinearticles.com,10/11/2023,7/15/2024
329,"Lantronix, Inc.",179-122-9074,spales94@scientificamerican.com,10/24/2023,6/7/2024
330,TransCanada Corporation,720-719-3107,gpawelec95@reddit.com,10/30/2023,3/21/2024
331,Biglari Holdings Inc.,687-668-4701,lpedlow96@washingtonpost.com,10/29/2023,9/16/2024
332,Centrais Electricas Brasileiras S.A.- Eletrobras,772-497-7312,risaksen97@ftc.gov,11/16/2023,9/2/2024
333,SandRidge Mississippian Trust II,350-314-9248,khardage98@mayoclinic.com,10/23/2023,2/15/2024
334,Graco Inc.,147-809-2786,keary99@marriott.com,11/8/2023,5/1/2024
335,Quinpario Acquisition Corp. 2,531-425-2177,kmendus9a@networksolutions.com,12/21/2023,9/14/2024
336,"Vishay Precision Group, Inc.",769-636-1797,jgainor9b@archive.org,11/20/2023,9/26/2024
337,"Lakeland Bancorp, Inc.",312-181-7079,vbryson9c@ow.ly,10/31/2023,2/4/2024
338,CME Group Inc.,512-205-6292,hburel9d@prlog.org,10/25/2023,3/7/2024
339,Hutchison China MediTech Limited,981-560-9760,tlinguard9e@businessweek.com,11/15/2023,4/1/2024
340,"LM Funding America, Inc.",833-240-8120,ldanes9f@sitemeter.com,10/18/2023,9/26/2024
341,Ivy NextShares,247-876-4567,mchisolm9g@purevolume.com,12/15/2023,9/16/2024
342,Lipocine Inc.,874-978-0051,jprozillo9h@boston.com,10/17/2023,1/1/2024
343,Electrum Special Acquisition Corporation,363-716-0052,dskarin9i@chron.com,12/11/2023,7/16/2024
344,"National Bankshares, Inc.",112-673-0828,cdowne9j@epa.gov,12/1/2023,7/31/2024
345,Capital One Financial Corporation,986-900-1184,sashpole9k@geocities.jp,12/10/2023,2/29/2024
346,"Peak Resorts, Inc.",570-525-3628,cferrant9l@ucoz.com,11/19/2023,7/7/2024
347,Canadian National Railway Company,622-896-3442,rcohalan9m@blogspot.com,10/3/2023,7/4/2024
348,"Barrett Business Services, Inc.",780-100-1885,hgeorgeon9n@opensource.org,11/22/2023,4/17/2024
349,"WhiteHorse Finance, Inc.",947-779-2033,jbilbery9o@narod.ru,11/16/2023,8/26/2024
350,Stellar Acquisition III Inc.,827-516-0693,dmarginson9p@redcross.org,11/9/2023,4/23/2024
351,"Pepsico, Inc.",736-664-7355,kleuren9q@ocn.ne.jp,10/13/2023,5/21/2024
352,"Axsome Therapeutics, Inc.",411-127-5044,rlardez9r@ocn.ne.jp,12/4/2023,1/25/2024
353,Astrotech Corporation,483-566-6912,bbotley9s@google.ca,11/7/2023,3/25/2024
354,"Destination XL Group, Inc.",385-127-6058,jkenworthy9t@wordpress.com,10/23/2023,1/21/2024
355,"TRACON Pharmaceuticals, Inc.",228-482-4418,wdearsley9u@hostgator.com,11/4/2023,1/3/2024
356,Legg Mason Global Infrastructure ETF,666-600-5857,atift9v@sohu.com,10/29/2023,7/16/2024
357,PartnerRe Ltd.,746-172-5056,cmorrilly9w@t-online.de,12/6/2023,5/13/2024
358,American Homes 4 Rent,130-878-4830,qblackshaw9x@msn.com,11/22/2023,10/2/2024
359,Assured Guaranty Ltd.,126-887-0985,ayeardsley9y@yolasite.com,12/13/2023,10/13/2024
360,"Ardelyx, Inc.",476-142-0286,vkubiczek9z@harvard.edu,10/7/2023,3/26/2024
361,Allstate Corporation (The),541-467-8784,kcullina0@amazon.co.jp,11/7/2023,10/1/2024
362,"Deswell Industries, Inc.",503-278-4284,fbaxstara1@epa.gov,12/15/2023,8/6/2024
363,"Mota Group, Inc.",497-926-3798,rcullinana2@ox.ac.uk,12/22/2023,7/17/2024
364,Ares Commercial Real Estate Corporation,602-994-5814,mripona3@shutterfly.com,10/31/2023,5/6/2024
365,"Apollo Global Management, LLC",882-693-7648,pprattingtona4@adobe.com,12/1/2023,10/2/2024
366,"China Customer Relations Centers, Inc.",444-646-0893,osemainea5@qq.com,10/27/2023,9/28/2024
367,BB&T Corporation,751-695-7051,gdiggensa6@sogou.com,11/21/2023,3/22/2024
368,"Donnelley Financial Solutions, Inc.",571-596-1560,gcronka7@fotki.com,10/30/2023,10/2/2024
369,Oasmia Pharmaceutical AB,957-585-3533,aajama8@google.com,11/10/2023,7/13/2024
370,"Enzo Biochem, Inc.",744-992-9685,mpetkova9@nytimes.com,10/11/2023,2/13/2024
371,Caesars Entertainment Corporation,427-533-6809,kparhamaa@netlog.com,12/8/2023,4/26/2024
372,Curtiss-Wright Corporation,520-808-2577,cmodenab@bizjournals.com,12/2/2023,3/23/2024
373,RiceBran Technologies,687-970-0982,cfreethac@psu.edu,11/1/2023,6/17/2024
374,"Blackrock MuniYield Fund, Inc.",699-315-1540,ceastabrookad@usa.gov,10/24/2023,10/7/2024
375,"PNC Financial Services Group, Inc. (The)",350-760-7795,mniscoae@amazonaws.com,10/14/2023,7/4/2024
376,First Trust Small Cap Growth AlphaDEX Fund,925-478-2594,ppenkaf@narod.ru,12/4/2023,7/9/2024
377,"Conifer Holdings, Inc.",443-320-6040,ahearneag@ftc.gov,11/1/2023,3/7/2024
378,Novelion Therapeutics Inc. ,300-760-7899,twinthropah@nationalgeographic.com,10/13/2023,4/27/2024
379,Honeywell International Inc.,595-442-0390,agaveltoneai@over-blog.com,10/31/2023,7/5/2024
380,First Trust Low Duration Opportunities ETF,203-475-6147,jdunnanaj@purevolume.com,10/17/2023,8/6/2024
381,WisdomTree Germany Hedged Equity Fund,783-291-0828,aveallak@ovh.net,11/26/2023,7/16/2024
382,Domtar Corporation,818-175-2293,kwillwoodal@independent.co.uk,11/19/2023,5/11/2024
383,PAVmed Inc.,939-901-6812,mbabinskiam@xing.com,11/27/2023,6/15/2024
384,"TriNet Group, Inc.",767-988-5006,ynationan@house.gov,12/4/2023,1/23/2024
385,Ohio Valley Banc Corp.,477-813-1717,dbramsomao@independent.co.uk,10/25/2023,5/31/2024
386,Cherokee Inc.,460-176-3052,amottiniap@marriott.com,11/24/2023,1/27/2024
387,"Spark Energy, Inc.",387-122-3693,ycoshamaq@pbs.org,11/23/2023,4/23/2024
388,Walt Disney Company (The),449-785-1628,esimmonsar@furl.net,12/14/2023,2/18/2024
389,Orthofix International N.V.,234-826-1952,ccharlinas@jiathis.com,10/11/2023,7/8/2024
390,First Trust Rising Dividend Achievers ETF,980-377-7329,wchastonat@howstuffworks.com,11/19/2023,9/14/2024
391,"RF Industries, Ltd.",303-251-1213,oviversau@flickr.com,10/10/2023,1/26/2024
392,Shire plc,649-380-2730,cmcgurganav@plala.or.jp,10/6/2023,10/1/2024
393,Umpqua Holdings Corporation,362-836-1597,naronsteinaw@google.pl,10/1/2023,5/23/2024
394,First Trust Low Beta Income ETF,509-793-1398,aedelax@java.com,11/18/2023,4/24/2024
395,"Omega Flex, Inc.",221-823-8726,gconybearay@wisc.edu,11/5/2023,2/12/2024
396,"MetLife, Inc.",924-510-4790,gparadesaz@networkadvertising.org,10/9/2023,2/3/2024
397,CM Finance Inc,762-532-3167,svanhaeftenb0@jalbum.net,10/10/2023,4/7/2024
398,Air Lease Corporation,354-196-8683,lsummersonb1@newyorker.com,10/2/2023,7/9/2024
399,Brown Forman Corporation,830-316-6039,spulteneyeb2@smh.com.au,10/27/2023,9/25/2024
400,Duke Energy Corporation,898-847-7181,ajayneb3@ezinearticles.com,11/6/2023,2/7/2024
401,VelocityShares 3x Long Gold ETN,440-507-1918,mshillomb4@hp.com,11/19/2023,3/20/2024
402,"Timberland Bancorp, Inc.",776-296-3374,vknowltonb5@cbsnews.com,12/4/2023,8/11/2024
403,"Fortune Brands Home & Security, Inc.",843-918-6393,skoschekb6@newsvine.com,10/15/2023,1/7/2024
404,Resource Capital Corp.,352-818-2733,cchetwindb7@ycombinator.com,11/9/2023,6/9/2024
405,Apollo Commercial Real Estate Finance,721-759-9479,mmcgilvaryb8@jugem.jp,11/5/2023,1/12/2024
406,"Tremor Video, Inc.",464-756-6728,hmaxworthyb9@patch.com,10/10/2023,3/17/2024
407,PAVmed Inc.,712-906-6687,rcraigsba@chicagotribune.com,10/1/2023,10/3/2024
408,"Piedmont Office Realty Trust, Inc.",489-441-5915,cwyettbb@msn.com,11/30/2023,5/4/2024
409,Brookfield DTLA Inc.,494-382-0870,agohnbc@vkontakte.ru,11/5/2023,3/9/2024
410,"New York Mortgage Trust, Inc.",195-123-7806,gartrickbd@ovh.net,10/6/2023,9/18/2024
411,"T. Rowe Price Group, Inc.",508-671-2653,nmansfieldbe@dedecms.com,10/18/2023,6/2/2024
412,"Cara Therapeutics, Inc.",834-474-3456,rbrittlebf@weebly.com,11/15/2023,4/3/2024
413,LaSalle Hotel Properties,185-890-4301,wyvebg@ovh.net,12/19/2023,5/26/2024
414,"Helmerich & Payne, Inc.",546-967-6874,lpleasantsbh@upenn.edu,11/16/2023,3/25/2024
415,Apple Inc.,126-247-2073,urizzinibi@hc360.com,12/5/2023,7/26/2024
416,Blackrock MuniYield Investment Fund,958-326-9234,atotterdellbj@msu.edu,10/10/2023,3/23/2024
417,"Gabelli Convertible and Income Securities Fund, Inc. (The)",533-596-4185,dgotcherbk@opera.com,11/30/2023,1/12/2024
418,"Natuzzi, S.p.A.",387-322-9015,aybarrabl@pbs.org,10/30/2023,3/10/2024
419,SPDR Dorsey Wright Fixed Income Allocation ETF,245-262-3160,spinnockbm@chicagotribune.com,10/23/2023,6/21/2024
420,PowerShares S&P SmallCap Consumer Discretionary Portfolio,805-980-4838,cbergstrambn@chronoengine.com,12/8/2023,9/5/2024
421,"Natuzzi, S.p.A.",995-965-1024,jburelbo@adobe.com,10/11/2023,8/13/2024
422,"Weis Markets, Inc.",449-500-0249,swarstallbp@clickbank.net,11/10/2023,5/12/2024
423,Graham Holdings Company,288-332-4633,iraspinbq@vk.com,12/6/2023,7/3/2024
424,Western Asset Investment Grade Defined Opportunity Trust Inc.,344-917-1043,cgowbr@4shared.com,12/8/2023,5/16/2024
425,"New York Mortgage Trust, Inc.",480-963-0359,jvaseybs@delicious.com,10/11/2023,4/29/2024
426,"eHealth, Inc.",830-163-6210,mfarrebt@51.la,12/16/2023,6/19/2024
427,Blackrock California Municipal 2018 Term Trust,872-117-6727,esiseybu@globo.com,12/22/2023,4/20/2024
428,Citigroup Inc.,236-625-5200,rlinnanebv@issuu.com,10/7/2023,5/1/2024
429,Hornbeck Offshore Services,483-272-0772,bhaythbw@goo.ne.jp,11/8/2023,1/28/2024
430,"Meridian Bancorp, Inc.",971-233-9529,ygeistbeckbx@netscape.com,10/10/2023,1/16/2024
431,Novo Nordisk A/S,678-197-3570,kjagoeby@huffingtonpost.com,11/4/2023,3/27/2024
432,MGC Diagnostics Corporation,673-830-7803,mthongerbz@amazon.com,11/20/2023,9/17/2024
433,"Energy Transfer Partners, L.P.",239-827-3606,gworthingc0@aol.com,12/10/2023,5/13/2024
434,CM Finance Inc,416-624-8146,dakehurstc1@pbs.org,12/19/2023,3/30/2024
435,First Trust Small Cap Growth AlphaDEX Fund,783-338-0389,llepagec2@hibu.com,11/6/2023,8/23/2024
436,"Ormat Technologies, Inc.",235-613-6472,bhallickc3@sina.com.cn,11/4/2023,3/21/2024
437,"Pier 1 Imports, Inc.",652-850-0856,gmontezc4@people.com.cn,11/4/2023,3/13/2024
438,Generac Holdlings Inc.,739-200-3586,jdownesc5@illinois.edu,11/17/2023,7/16/2024
439,CVD Equipment Corporation,577-146-9120,bcancottc6@altervista.org,11/9/2023,5/26/2024
440,Invesco Pennsylvania Value Municipal Income Trust,759-992-0343,lbucknallc7@edublogs.org,12/7/2023,5/1/2024
441,"Nustar GP Holdings, LLC",883-812-7593,ghiggoec8@icq.com,11/8/2023,5/10/2024
442,"Western Asset High Income Opportunity Fund, Inc.",268-273-0450,melwinc9@goodreads.com,12/22/2023,2/28/2024
443,Cross Timbers Royalty Trust,667-226-0223,ipfertnerca@vkontakte.ru,11/14/2023,9/12/2024
444,"West Pharmaceutical Services, Inc.",643-982-7501,ebrantcb@noaa.gov,10/13/2023,3/29/2024
445,VelocityShares 3x Long Gold ETN,842-882-7067,syakovlivcc@goodreads.com,10/18/2023,2/12/2024
446,Scudder Strategic Income Trust,796-884-5284,tgoodwyncd@netscape.com,12/11/2023,9/14/2024
447,"Meta Financial Group, Inc.",867-477-8604,mbraywoodce@blog.com,10/22/2023,9/15/2024
448,The Intergroup Corporation,634-148-2093,caimablecf@businessweek.com,12/13/2023,1/19/2024
449,Cameco Corporation,179-943-4754,cdanacg@feedburner.com,10/3/2023,5/1/2024
450,"TerraForm Global, Inc.",278-659-4412,sconverych@craigslist.org,10/17/2023,5/17/2024
451,Trustmark Corporation,892-322-7668,ccastagnoneci@bbc.co.uk,11/15/2023,9/29/2024
452,Williams Partners LP,920-737-6981,abaloghcj@pen.io,12/12/2023,5/26/2024
453,Jensyn Acquistion Corp.,514-793-4783,suttersonck@ow.ly,11/18/2023,8/18/2024
454,"Skechers U.S.A., Inc.",435-496-9490,bhofcl@plala.or.jp,11/25/2023,4/3/2024
455,LendingClub Corporation,300-880-4240,hheelcm@blinklist.com,11/28/2023,1/25/2024
456,Ares Management L.P.,792-701-7599,lrollittcn@gmpg.org,12/21/2023,6/27/2024
457,"Newpark Resources, Inc.",979-155-7764,rcabbleco@accuweather.com,12/20/2023,6/18/2024
458,Public Service Enterprise Group Incorporated,975-824-3096,sjacombcp@imageshack.us,12/11/2023,10/5/2024
459,VictoryShares US Discovery Enhanced Volatility Wtd ETF,928-876-5076,ssommerlycq@cmu.edu,11/10/2023,9/20/2024
460,Morgan Stanley,197-800-2149,gnicklincr@about.com,12/11/2023,5/5/2024
461,Constellium N.V.,942-735-2548,ldionsettics@altervista.org,10/20/2023,5/9/2024
462,New Senior Investment Group Inc.,823-692-4626,dmcgreilct@earthlink.net,11/8/2023,10/13/2024
463,"Blackrock Debt Strategies Fund, Inc.",527-350-0503,bspinagecu@uol.com.br,12/5/2023,1/15/2024
464,"Onconova Therapeutics, Inc.",697-114-9019,vmurrellscv@blogtalkradio.com,10/11/2023,5/13/2024
465,Medley Management Inc.,880-730-7945,ejuszczykcw@miibeian.gov.cn,11/4/2023,2/8/2024
466,Trillium Therapeutics Inc.,444-274-3963,bnobrigacx@reference.com,11/17/2023,5/4/2024
467,International Game Technology,348-726-4578,hbudleighcy@economist.com,11/3/2023,1/25/2024
468,"Streamline Health Solutions, Inc.",663-211-9124,cgoulthorpcz@addthis.com,10/30/2023,3/13/2024
469,Orix Corp Ads,185-500-4508,rcustd0@washingtonpost.com,12/5/2023,2/17/2024
470,Nuveen New York Quality Municipal Income Fund,460-763-3393,jjurad1@dion.ne.jp,11/18/2023,6/13/2024
471,Axar Acquisition Corp.,514-743-6205,mpaytond2@alexa.com,12/20/2023,4/6/2024
472,"Cadence Design Systems, Inc.",290-671-5831,lbrennond3@51.la,10/9/2023,10/3/2024
473,Plexus Corp.,832-385-1017,kericssend4@redcross.org,11/6/2023,3/29/2024
474,Gabelli Dividend,131-501-2866,phallexd5@mozilla.com,10/17/2023,1/14/2024
475,Nuveen Tax-Advantaged Total Return Strategy Fund,787-565-3050,ksparshettd6@arstechnica.com,10/10/2023,3/20/2024
476,Sirius XM Holdings Inc.,278-273-0442,ltollertond7@narod.ru,11/6/2023,4/19/2024
477,"W.W. Grainger, Inc.",664-844-1843,mhaldend8@nature.com,11/21/2023,5/21/2024
478,Nuveen Real Estate Fund,472-813-4929,efonzod9@sun.com,11/23/2023,4/23/2024
479,"Cutera, Inc.",756-108-2743,mbartelotda@about.me,11/1/2023,7/22/2024
480,"Buckle, Inc. (The)",502-758-0232,vgleaderdb@merriam-webster.com,10/8/2023,1/30/2024
481,PennyMac Mortgage Investment Trust,843-709-4894,vgrievesondc@nymag.com,12/21/2023,1/1/2024
482,"Popular, Inc.",229-343-3385,sdellatorredd@redcross.org,10/6/2023,7/13/2024
483,"Customers Bancorp, Inc",893-641-5015,bpenninide@dedecms.com,12/3/2023,5/23/2024
484,Ion Geophysical Corporation,380-625-9267,barnidf@blogs.com,10/18/2023,10/12/2024
485,ATA Inc.,579-755-3367,fmuschettedg@dailymail.co.uk,12/20/2023,7/31/2024
486,Scholastic Corporation,367-113-3237,gricardodh@purevolume.com,10/5/2023,5/12/2024
487,"Mitcham Industries, Inc.",567-330-9209,jvandenoorddi@phoca.cz,10/7/2023,6/8/2024
488,"PCM, Inc.",516-564-6499,struderdj@reddit.com,10/13/2023,3/28/2024
489,BSQUARE Corporation,440-540-3217,dridehalghdk@cnbc.com,10/21/2023,8/21/2024
490,iShares FTSE EPRA/NAREIT Global Real Estate ex-U.S. Index Fund,607-200-7569,ctofanodl@com.com,10/19/2023,6/3/2024
491,"Healthcare Trust of America, Inc.",728-554-7509,rmcmarquisdm@freewebs.com,12/12/2023,9/11/2024
492,Vornado Realty Trust,308-527-9808,ckyddedn@berkeley.edu,10/30/2023,3/16/2024
493,Sprague Resources LP,156-158-0014,lorvissdo@123-reg.co.uk,11/16/2023,1/20/2024
494,"AmTrust Financial Services, Inc.",861-369-9180,ablansharddp@nasa.gov,10/26/2023,2/16/2024
495,"Old Dominion Freight Line, Inc.",579-515-8598,scabralesdq@deliciousdays.com,10/22/2023,9/27/2024
496,UNITIL Corporation,765-548-3508,aferrondr@blinklist.com,11/14/2023,9/22/2024
497,"Retrophin, Inc.",233-585-1488,tcampionds@hp.com,10/19/2023,10/4/2024
498,"DASAN Zhone Solutions, Inc.",806-239-1280,mpendrichdt@amazonaws.com,10/14/2023,8/14/2024
499,First Internet Bancorp,310-328-7128,sthomlinsondu@nih.gov,10/30/2023,8/18/2024
500,"The First Bancshares, Inc.",110-828-3548,sechalierdv@gizmodo.com,10/18/2023,5/13/2024
501,Global X Longevity Thematic ETF,616-843-1027,rshinefielddw@ow.ly,12/19/2023,6/30/2024
502,Otter Tail Corporation,566-156-6763,gwicksdx@alexa.com,10/2/2023,8/18/2024
503,Western Asset Variable Rate Strategic Fund Inc.,866-791-2028,bmcknielydy@fema.gov,10/20/2023,9/13/2024
504,Atlantic Coast Financial Corporation,255-304-9030,bfustdz@redcross.org,10/26/2023,10/11/2024
505,"NeoGenomics, Inc.",164-428-1402,dcrellime0@spotify.com,12/1/2023,7/12/2024
506,"Dime Community Bancshares, Inc.",171-149-5934,lcleevere1@google.com,10/4/2023,2/17/2024
507,iRadimed Corporation,662-444-8922,tteresee2@berkeley.edu,10/13/2023,3/12/2024
508,Quotient Technology Inc.,339-599-7617,tmartelloe3@fema.gov,10/18/2023,6/8/2024
509,IHS Markit Ltd.,123-534-8784,giacovonee4@people.com.cn,11/10/2023,9/9/2024
510,"AMERIPRISE FINANCIAL SERVICES, INC.",578-521-0763,pgulvine5@businesswire.com,10/2/2023,3/15/2024
511,LPL Financial Holdings Inc.,502-521-7629,ipasquee6@hud.gov,11/16/2023,4/2/2024
512,"Gyrodyne , LLC",515-704-7727,ktingeye7@stumbleupon.com,10/30/2023,3/3/2024
513,WisdomTree Emerging Markets Consumer Growth Fund,178-843-9293,sespinaye8@goo.ne.jp,11/12/2023,10/1/2024
514,First Trust MLP and Energy Income Fund,679-401-2263,gargontte9@bing.com,12/5/2023,7/19/2024
515,Tata Motors Ltd,139-727-6112,rkilgallenea@devhub.com,10/5/2023,8/5/2024
516,Barington/Hilco Acquisition Corp.,400-179-3198,wnewboldeb@blogspot.com,12/13/2023,1/7/2024
517,"GNC Holdings, Inc.",550-144-3689,jjedrzejczykec@meetup.com,11/3/2023,3/17/2024
518,"Limelight Networks, Inc.",434-740-7015,vshepparded@google.ca,11/24/2023,9/13/2024
519,"Liquidity Services, Inc.",415-546-0676,sburrissee@eventbrite.com,10/10/2023,2/15/2024
520,Buenaventura Mining Company Inc.,415-523-5304,asilsonef@sitemeter.com,11/27/2023,3/15/2024
521,"American Financial Group, Inc.",713-748-6710,jkestianeg@wired.com,10/20/2023,6/26/2024
522,Matlin & Partners Acquisition Corporation,151-312-4166,smarquandeh@npr.org,10/16/2023,6/25/2024
523,"Alteryx, Inc.",781-759-9638,smorrisonei@pen.io,10/6/2023,9/16/2024
524,"China HGS Real Estate, Inc.",821-230-2509,bharyngtonej@prlog.org,11/3/2023,1/20/2024
525,Ciena Corporation,960-301-5167,cassirattiek@people.com.cn,10/17/2023,3/29/2024
526,Orix Corp Ads,463-783-4837,alishmundel@liveinternet.ru,12/14/2023,3/15/2024
527,"SPI Energy Co., Ltd.",291-285-0207,cboullenem@zdnet.com,10/31/2023,1/27/2024
528,"Care Capital Properties, Inc.",609-445-8944,kdullaghanen@1688.com,11/28/2023,8/13/2024
529,CyrusOne Inc,484-118-7266,omermaneo@nydailynews.com,10/28/2023,7/2/2024
530,Diffusion Pharmaceuticals Inc.,823-428-5206,kcorriganep@soup.io,10/22/2023,8/22/2024
531,"VeriSign, Inc.",550-268-9772,pmcgillreicheq@ebay.com,11/29/2023,1/10/2024
532,RenaissanceRe Holdings Ltd.,686-623-6448,kpinshoner@cmu.edu,11/4/2023,5/26/2024
533,Stamps.com Inc.,878-300-3970,jschurickees@mtv.com,11/3/2023,4/2/2024
534,CME Group Inc.,240-783-8736,cfrankisset@lulu.com,11/27/2023,2/11/2024
535,Kronos Worldwide Inc,557-984-3824,flyeseu@scientificamerican.com,10/30/2023,2/21/2024
536,"MedEquities Realty Trust, Inc.",291-366-8637,aeskrickev@icq.com,11/7/2023,6/7/2024
537,3M Company,977-533-6033,mmoyeew@indiatimes.com,10/7/2023,1/19/2024
538,"AgroFresh Solutions, Inc.",425-513-6282,gondrakex@naver.com,10/15/2023,6/24/2024
539,"Valeant Pharmaceuticals International, Inc.",156-217-1646,ccourteneyey@dagondesign.com,12/5/2023,3/11/2024
540,"Charter Communications, Inc.",752-484-4673,bwilfordez@rediff.com,12/12/2023,2/1/2024
541,"Voya Infrastructure, Industrials and Materials Fund",273-384-1545,dtunniclissef0@arstechnica.com,10/24/2023,4/14/2024
542,"Hemisphere Media Group, Inc.",911-386-8409,bsplevingf1@nsw.gov.au,10/13/2023,3/31/2024
543,National General Holdings Corp,234-791-0808,bvidineevf2@zdnet.com,11/23/2023,3/14/2024
544,Hilton Grand Vacations Inc.,540-564-1573,flecornuf3@loc.gov,10/16/2023,5/27/2024
545,Saratoga Investment Corp,729-948-1501,lgrindlef4@microsoft.com,12/9/2023,8/23/2024
546,"Vocera Communications, Inc.",754-893-3704,kwhitcherf5@wikimedia.org,11/1/2023,9/24/2024
547,"StealthGas, Inc.",925-895-9424,bmacmeekanf6@psu.edu,11/10/2023,4/21/2024
548,"Lazard World Dividend & Income Fund, Inc.",462-570-3712,fcongreavef7@sogou.com,10/14/2023,3/3/2024
549,Unum Group,334-353-4028,msaytonf8@flickr.com,12/2/2023,7/8/2024
550,JMP Group LLC,219-542-4802,awassellf9@photobucket.com,10/7/2023,5/3/2024
551,Concurrent Computer Corporation,789-850-9649,krobetfa@timesonline.co.uk,12/2/2023,7/23/2024
552,Salesforce.com Inc,825-877-4953,cpettittfb@blogger.com,10/28/2023,5/3/2024
553,"Onvia, Inc.",217-932-6712,fcolenuttfc@amazon.co.jp,10/30/2023,8/27/2024
554,BOK Financial Corporation,718-749-5002,imixturefd@phpbb.com,11/28/2023,8/20/2024
555,Companhia Brasileira de Distribuicao,181-396-0410,azavattierife@forbes.com,10/16/2023,9/21/2024
556,"WEC Energy Group, Inc.",995-644-4878,gfrakeff@mozilla.com,12/1/2023,9/28/2024
557,Balchem Corporation,608-463-7666,kclelandfg@woothemes.com,12/13/2023,9/27/2024
558,LCI Industries ,999-281-4411,egreatbatchfh@cnn.com,10/30/2023,3/16/2024
559,"Haverty Furniture Companies, Inc.",487-840-6014,mreardonfi@wikipedia.org,11/12/2023,5/28/2024
560,Barrick Gold Corporation,869-875-5758,merettfj@bloglovin.com,10/6/2023,1/22/2024
561,"Under Armour, Inc.",640-816-1633,basplinfk@timesonline.co.uk,10/19/2023,9/3/2024
562,Ophthotech Corporation,529-180-5522,lpryerfl@reddit.com,11/10/2023,5/2/2024
563,CyberOptics Corporation,879-544-5945,dnanofm@chicagotribune.com,12/6/2023,3/11/2024
564,"Crossroads Systems, Inc.",415-539-2492,eshuttleworthfn@virginia.edu,10/2/2023,2/20/2024
565,"Obalon Therapeutics, Inc.",521-944-1689,mbiglyfo@hugedomains.com,11/28/2023,1/15/2024
566,"Argo Group International Holdings, Ltd.",235-671-8407,mbramsomfp@msn.com,10/4/2023,9/30/2024
567,"Vertex Energy, Inc",656-975-9641,kminersfq@marriott.com,10/24/2023,3/5/2024
568,"Sunworks, Inc.",714-613-8682,awhelptonfr@google.ru,11/7/2023,7/5/2024
569,Crestwood Equity Partners LP,588-722-1247,rstorahfs@cam.ac.uk,11/17/2023,5/8/2024
570,"Beazer Homes USA, Inc.",430-620-3396,ahaillft@discuz.net,10/7/2023,1/22/2024
571,"CB Financial Services, Inc.",109-792-2970,dwithringtenfu@rakuten.co.jp,10/25/2023,7/19/2024
572,Eagle Point Credit Company Inc.,189-575-4686,bdellcasafv@elpais.com,11/26/2023,9/18/2024
573,"Tailored Brands, Inc.",635-804-0130,tloddonfw@auda.org.au,11/17/2023,5/18/2024
574,"Watsco, Inc.",254-550-1737,mtrudgeonfx@omniture.com,11/30/2023,6/19/2024
575,Baytex Energy Corp,579-601-1236,areddelfy@icio.us,12/17/2023,6/10/2024
576,Atomera Incorporated,464-311-8976,aspellsworthfz@eventbrite.com,10/21/2023,3/25/2024
577,"Nexstar Media Group, Inc.",725-684-2517,alewsyg0@g.co,11/23/2023,9/11/2024
578,CarMax Inc,717-307-2921,sstockg1@home.pl,10/21/2023,3/30/2024
579,Eastern Company (The),516-833-1217,agrigoronig2@indiatimes.com,10/8/2023,8/30/2024
580,"Entergy Arkansas, Inc.",320-498-8758,edargang3@kickstarter.com,11/3/2023,7/19/2024
581,Conyers Park Acquisition Corp.,384-365-5226,lendecottg4@chron.com,12/22/2023,6/17/2024
582,Aflac Incorporated,559-143-9927,sjardineg5@printfriendly.com,11/1/2023,6/18/2024
583,Macro Bank Inc.,995-211-9391,lwilkissong6@engadget.com,11/20/2023,9/1/2024
584,Fluor Corporation,951-804-2097,tdymokeg7@prlog.org,11/27/2023,10/5/2024
585,Uniti Group Inc.,345-461-9022,uaskellg8@mysql.com,12/4/2023,7/16/2024
586,Gabelli Utility Trust (The),817-140-6369,hhazeldeneg9@ebay.com,10/22/2023,5/4/2024
587,"Himax Technologies, Inc.",305-702-2043,bjestga@marketwatch.com,12/2/2023,2/9/2024
588,Banner Corporation,744-182-7841,langeligb@myspace.com,10/3/2023,4/15/2024
589,Fluidigm Corporation,131-354-7371,ojestegc@imdb.com,12/1/2023,7/26/2024
590,"China Advanced Construction Materials Group, Inc.",995-617-9848,sjefferdgd@redcross.org,10/18/2023,1/8/2024
591,"Aerohive Networks, Inc.",108-205-9314,dwelfarege@gov.uk,10/10/2023,4/17/2024
592,"Haverty Furniture Companies, Inc.",806-931-8364,bhounsomgf@miibeian.gov.cn,11/22/2023,7/31/2024
593,Investors Title Company,321-718-5090,mbridgwoodgg@homestead.com,11/1/2023,8/11/2024
594,"Skyworks Solutions, Inc.",149-922-5813,ymartingh@instagram.com,12/12/2023,5/16/2024
595,"USA Compression Partners, LP",445-210-3698,jkhangi@qq.com,10/25/2023,8/16/2024
596,SP Plus Corporation,701-999-6435,rdupeygj@topsy.com,12/6/2023,9/6/2024
597,"Nexstar Media Group, Inc.",155-684-5093,ddupreygk@dmoz.org,10/6/2023,5/16/2024
598,QAD Inc.,835-597-1722,wearlandgl@amazon.co.jp,10/4/2023,3/13/2024
599,Huntington Bancshares Incorporated,124-217-8026,blanceleygm@cnet.com,12/12/2023,2/18/2024
600,The Advisory Board Company,497-218-8153,gseingn@army.mil,10/26/2023,2/18/2024
601,Gentherm Inc,850-282-2982,bilymanovgo@twitter.com,10/28/2023,5/4/2024
602,"FBL Financial Group, Inc.",487-609-2326,dbendongp@bloglovin.com,10/17/2023,6/14/2024
603,Federal Signal Corporation,383-867-4091,dconwellgq@ocn.ne.jp,12/18/2023,1/4/2024
604,American Express Company,780-836-3814,tkinneallygr@blinklist.com,11/4/2023,9/10/2024
605,California First National Bancorp,469-981-6000,hpetreczgs@jimdo.com,10/13/2023,1/23/2024
606,"SS&C Technologies Holdings, Inc.",750-292-1130,dmaloneygt@alexa.com,11/1/2023,4/11/2024
607,Ship Finance International Limited,486-326-0122,gwindrusgu@tumblr.com,11/7/2023,2/16/2024
608,"Soligenix, Inc.",511-600-6969,ubottomoregv@gov.uk,12/11/2023,4/7/2024
609,Regional Management Corp.,671-616-8349,dcossergw@topsy.com,11/24/2023,6/19/2024
610,Valley National Bancorp,937-697-1370,amanuelegx@purevolume.com,11/22/2023,4/17/2024
611,"Prologis, Inc.",213-889-9140,llessliegy@tuttocitta.it,10/22/2023,10/2/2024
612,Cousins Properties Incorporated,870-291-4256,saronsgz@tuttocitta.it,10/1/2023,10/9/2024
613,"21Vianet Group, Inc.",682-838-6107,nredmondh0@jimdo.com,11/16/2023,8/2/2024
614,"Hope Bancorp, Inc.",648-441-0476,efallensh1@ihg.com,11/18/2023,2/10/2024
615,Teleflex Incorporated,242-556-7308,rmcsaulh2@japanpost.jp,11/30/2023,9/11/2024
616,VictoryShares Emerging Market Volatility Wtd ETF,581-485-3902,epachh3@bloomberg.com,11/1/2023,1/7/2024
617,HDFC Bank Limited,917-313-3441,cedgesonh4@cpanel.net,10/15/2023,9/28/2024
618,"Halozyme Therapeutics, Inc.",823-974-5589,afessbyh5@biblegateway.com,10/4/2023,8/8/2024
619,"Biostar Pharmaceuticals, Inc.",448-185-3754,ngawthropeh6@icq.com,10/22/2023,5/22/2024
620,"Colony NorthStar, Inc.",392-245-4149,gharlickh7@de.vu,10/9/2023,8/24/2024
621,OFG Bancorp,413-152-2181,lolynnh8@prweb.com,10/13/2023,9/8/2024
622,"Haverty Furniture Companies, Inc.",871-430-9286,lrushbrookeh9@vistaprint.com,12/11/2023,4/20/2024
623,Encore Wire Corporation,533-286-4619,ghardenha@tinyurl.com,11/29/2023,9/4/2024
624,Northern Technologies International Corporation,386-121-3491,nguerryhb@mozilla.org,11/19/2023,7/20/2024
625,M B T Financial Corp,776-185-1038,mbordishc@businesswire.com,11/20/2023,7/26/2024
626,Guggenheim Credit Allocation Fund,318-131-6393,rkeasyhd@hp.com,10/27/2023,3/6/2024
627,"NRG Energy, Inc.",508-179-7340,babbysshe@ehow.com,10/20/2023,7/3/2024
628,"Empire State Realty Trust, Inc.",917-467-4039,jkoeppehf@miitbeian.gov.cn,10/27/2023,5/26/2024
629,MGC Diagnostics Corporation,652-599-2668,aedginhg@tmall.com,10/24/2023,7/19/2024
630,Southern Company (The),333-346-1622,omccorleyhh@eventbrite.com,11/4/2023,1/14/2024
631,Bed Bath & Beyond Inc.,555-416-7856,kfowneshi@cafepress.com,10/30/2023,10/13/2024
632,"Natuzzi, S.p.A.",642-717-9390,uruslinhj@phpbb.com,11/13/2023,10/2/2024
633,"Cavco Industries, Inc.",266-263-7875,cfishleighhk@mtv.com,11/9/2023,9/15/2024
634,Texas Instruments Incorporated,741-367-1383,asidebottonhl@ibm.com,11/17/2023,1/6/2024
635,Hyatt Hotels Corporation,670-145-6837,nsecretthm@youtube.com,11/19/2023,5/22/2024
636,Granite Real Estate Inc.,938-261-3632,tbischoffhn@tripod.com,11/18/2023,3/12/2024
637,YPF Sociedad Anonima,236-815-4112,clindenbaumho@skype.com,10/21/2023,7/18/2024
638,QAD Inc.,102-338-4296,kpollingtonhp@un.org,10/27/2023,3/14/2024
639,"Illumina, Inc.",464-862-8340,bgiovannellihq@sun.com,11/26/2023,6/8/2024
640,"HubSpot, Inc.",305-456-9183,gjanuszewskihr@ucla.edu,10/2/2023,9/6/2024
641,Eaton Vance Tax-Advantaged Bond,910-498-5967,wfreakhs@4shared.com,11/14/2023,9/27/2024
642,U.S. Bancorp,904-390-2736,mklauerht@naver.com,11/29/2023,9/16/2024
643,BullMark LatAm Select Leaders ETF,931-132-6515,kjeffreehu@moonfruit.com,12/13/2023,8/15/2024
644,"Colony NorthStar, Inc.",647-708-3179,bwheeltonhv@google.nl,10/25/2023,8/25/2024
645,"Heritage-Crystal Clean, Inc.",251-727-8082,tbonehw@livejournal.com,10/15/2023,7/13/2024
646,Reading International Inc,504-418-3229,rwalasikhx@virginia.edu,11/15/2023,3/4/2024
647,Alere Inc.,540-628-6750,dstainsbyhy@aboutads.info,11/15/2023,4/26/2024
648,"Banc of California, Inc.",492-990-2251,npepihz@marriott.com,11/18/2023,8/19/2024
649,"Nike, Inc.",340-825-6944,cungereri0@usgs.gov,10/13/2023,10/9/2024
650,"Atara Biotherapeutics, Inc.",634-392-2781,mbyei1@blinklist.com,10/16/2023,10/4/2024
651,Wintrust Financial Corporation,739-944-0256,aandrzeji2@shinystat.com,11/6/2023,3/27/2024
652,Shopify Inc.,920-251-6108,blyndsi3@nymag.com,11/30/2023,2/29/2024
653,"FTD Companies, Inc.",411-480-2793,bcrummiei4@marketwatch.com,10/31/2023,9/9/2024
654,"Amber Road, Inc.",845-468-6300,wmcgraylei5@friendfeed.com,10/27/2023,6/17/2024
655,Deutsche Bank AG,183-498-3634,zstalmani6@amazon.co.uk,10/4/2023,9/17/2024
656,Morgan Stanley,583-912-7637,anielsoni7@plala.or.jp,10/16/2023,2/20/2024
657,DCP Midstream LP,607-612-3781,asnapei8@newsvine.com,10/14/2023,8/13/2024
658,"AG Mortgage Investment Trust, Inc.",310-809-1127,nscurlocki9@shutterfly.com,11/19/2023,8/23/2024
659,Tronox Limited,598-155-9112,rworgeia@miibeian.gov.cn,11/10/2023,2/23/2024
660,Centrais Electricas Brasileiras S.A.- Eletrobras,585-653-0898,nmuslaib@phoca.cz,12/6/2023,7/15/2024
661,"Affiliated Managers Group, Inc.",696-993-4972,chernikic@tripod.com,12/4/2023,5/11/2024
662,State Street Corporation,571-353-0547,rurwinid@rakuten.co.jp,10/9/2023,1/23/2024
663,"DHI Group, Inc.",721-281-3981,vrentelllie@merriam-webster.com,12/14/2023,7/17/2024
664,Orbotech Ltd.,171-307-5710,sreinif@ucla.edu,10/13/2023,1/6/2024
665,Aramark,395-235-3301,fpiddockeig@diigo.com,11/11/2023,3/16/2024
666,"Amphastar Pharmaceuticals, Inc.",632-765-2291,hjustisih@histats.com,11/21/2023,8/24/2024
667,Gerdau S.A.,172-440-3929,hchottyii@mail.ru,10/6/2023,8/10/2024
668,PolyOne Corporation,480-264-2848,iarbonij@cdbaby.com,10/15/2023,3/4/2024
669,Global Indemnity Limited,629-298-2550,cderricoatik@w3.org,10/9/2023,9/27/2024
670,Abeona Therapeutics Inc.,545-693-7432,mshipwayil@spiegel.de,11/2/2023,8/30/2024
671,Pebblebrook Hotel Trust,848-182-7105,pdiperausim@goodreads.com,10/28/2023,2/11/2024
672,Eaton Vance Short Diversified Income Fund,151-537-7439,kjeandeauin@cdc.gov,10/30/2023,1/24/2024
673,"Manhattan Associates, Inc.",141-941-8013,jdoretio@microsoft.com,11/2/2023,4/10/2024
674,HSBC Holdings plc,148-917-9587,epabstip@altervista.org,10/28/2023,9/2/2024
675,WisdomTree Negative Duration High Yield Bond Fund,233-296-0490,hhavociq@apache.org,11/12/2023,6/4/2024
676,Embraer-Empresa Brasileira de Aeronautica,568-793-7430,jfollinir@indiatimes.com,10/30/2023,4/21/2024
677,Colonial High Income Municipal Trust,325-581-8286,kdefewis@washington.edu,11/8/2023,4/21/2024
678,"Twenty-First Century Fox, Inc.",197-660-9318,jstrudwickit@marketwatch.com,10/26/2023,8/17/2024
679,"ING Group, N.V.",470-229-6779,vclotworthyiu@hugedomains.com,10/17/2023,8/18/2024
680,Nuveen Quality Preferred Income Fund 2,505-638-8127,wrobertseniv@histats.com,10/23/2023,5/29/2024
681,"Customers Bancorp, Inc",548-388-6270,khymersiw@merriam-webster.com,10/25/2023,1/29/2024
682,Georgia Power Company,239-590-6758,dkleintix@mediafire.com,12/14/2023,2/21/2024
683,Reynolds American Inc,683-428-3730,cgallamoreiy@eventbrite.com,11/11/2023,3/26/2024
684,TriplePoint Venture Growth BDC Corp.,420-325-2723,psolesburyiz@goodreads.com,12/15/2023,1/6/2024
685,ASML Holding N.V.,912-433-1750,gdankj0@dyndns.org,10/7/2023,3/16/2024
686,"National Grid Transco, PLC",238-547-0280,sbelseyj1@yale.edu,11/30/2023,4/27/2024
687,Merus N.V.,235-425-2918,bdeambrosij2@utexas.edu,11/8/2023,9/1/2024
688,Repligen Corporation,213-796-9401,ajimsonj3@epa.gov,12/19/2023,2/28/2024
689,Harvest Capital Credit Corporation,712-533-3081,cjennemannj4@dedecms.com,10/27/2023,4/21/2024
690,Ivy NextShares,697-603-2916,lchauveyj5@springer.com,12/20/2023,4/13/2024
691,BLDRS Asia 50 ADR Index Fund,593-502-4990,wgullyj6@marketwatch.com,10/6/2023,9/2/2024
692,"Duff & Phelps Utilities Income, Inc.",413-238-6932,sbrydiej7@comsenz.com,10/23/2023,7/19/2024
693,"Analog Devices, Inc.",904-591-8585,amaccardj8@yahoo.com,11/29/2023,1/1/2024
694,Iridium Communications Inc,433-280-0018,measemanj9@indiegogo.com,10/3/2023,7/11/2024
695,Corcept Therapeutics Incorporated,584-973-7383,jpurchaseja@icio.us,11/19/2023,5/23/2024
696,Liberty All-Star Equity Fund,440-264-9214,tstanerjb@github.com,11/10/2023,2/2/2024
697,"ICC Holdings, Inc.",930-311-6363,dribeyjc@yellowbook.com,11/8/2023,2/21/2024
698,"Dupont Fabros Technology, Inc.",337-563-6111,wtyghtjd@webnode.com,11/10/2023,2/11/2024
699,John Bean Technologies Corporation,496-836-6131,mfoxonje@lulu.com,12/14/2023,6/27/2024
700,"Cracker Barrel Old Country Store, Inc.",131-799-8653,sgoldenofirelandjf@fda.gov,11/29/2023,2/6/2024
701,"Installed Building Products, Inc.",596-726-8695,cjosephovjg@google.fr,12/22/2023,6/29/2024
702,"Home Bancorp, Inc.",741-162-6877,awickinsjh@arstechnica.com,11/1/2023,1/17/2024
703,Mimecast Limited,967-122-9151,vkemsleyji@hugedomains.com,11/12/2023,8/1/2024
704,Atlanticus Holdings Corporation,424-136-7142,kevinsjj@google.cn,12/22/2023,3/3/2024
705,Bank of America Corporation,969-436-9003,wfishleighjk@xing.com,10/7/2023,2/3/2024
706,"Pioneer Power Solutions, Inc.",573-481-4441,eteacyjl@gravatar.com,12/8/2023,5/19/2024
707,Public Storage,643-846-8793,epetrussijm@phoca.cz,11/24/2023,1/9/2024
708,Atmos Energy Corporation,153-528-2728,nhansburyjn@eventbrite.com,11/27/2023,9/13/2024
709,Kemper Corporation,473-456-0487,rfratsonjo@domainmarket.com,10/8/2023,3/24/2024
710,Hardinge Inc.,375-918-7918,bharkinjp@live.com,11/17/2023,10/9/2024
711,iShares FTSE EPRA/NAREIT Europe Index Fund,753-646-0653,mguiduccijq@blog.com,11/14/2023,5/17/2024
712,Herc Holdings Inc.,539-335-7990,dsheweryjr@cloudflare.com,12/16/2023,4/9/2024
713,ARRIS International plc,816-588-9206,jkinnierjs@hostgator.com,12/9/2023,8/31/2024
714,"Ennis, Inc.",600-634-1340,bpackjt@wsj.com,10/20/2023,3/27/2024
715,"Halyard Health, Inc.",347-939-1629,lbeebyju@hexun.com,12/2/2023,2/5/2024
716,"Syros Pharmaceuticals, Inc.",928-473-9967,lbarhamsjv@ebay.com,12/5/2023,2/13/2024
717,Liberty Media Corporation,176-296-7915,mscriverjw@phpbb.com,12/18/2023,4/26/2024
718,"Watsco, Inc.",176-517-8612,tjeacockjx@github.io,11/23/2023,6/23/2024
719,Sina Corporation,313-716-7766,mbusejy@google.pl,10/29/2023,8/22/2024
720,"Greene County Bancorp, Inc.",350-143-9954,vgawkrogejz@ovh.net,10/9/2023,8/29/2024
721,iPath US Treasury 5-year Bear ETN,142-153-9427,gplewmank0@google.it,10/15/2023,10/11/2024
722,iShares S&P/Citigroup International Treasury Bond Fund,205-718-0507,blindek1@rediff.com,11/30/2023,6/17/2024
723,Chevron Corporation,537-816-6212,pgausonk2@qq.com,10/23/2023,2/9/2024
724,Ophthotech Corporation,195-949-5685,akassmank3@usatoday.com,10/27/2023,10/7/2024
725,"ESSA Bancorp, Inc.",923-713-3655,bstoakleyk4@senate.gov,12/18/2023,7/13/2024
726,Modern Media Acquisition Corp.,151-244-0942,bwheark5@over-blog.com,10/29/2023,10/4/2024
727,CSX Corporation,669-728-7912,tcornsk6@rediff.com,10/13/2023,6/26/2024
728,J P Morgan Chase & Co,694-241-8658,dredk7@redcross.org,10/29/2023,7/21/2024
729,State Street Corporation,941-148-1992,cephgravek8@bluehost.com,11/17/2023,9/19/2024
730,Universal Health Realty Income Trust,870-788-5608,bcaldeyrouxk9@printfriendly.com,12/3/2023,3/24/2024
731,"HealthEquity, Inc.",387-367-0590,kdunckleyka@cdbaby.com,11/9/2023,2/12/2024
732,American National Insurance Company,862-472-3239,fmaughankb@fotki.com,11/13/2023,6/18/2024
733,Pzena Investment Management Inc,837-878-0799,bcodakc@symantec.com,11/23/2023,3/31/2024
734,Liberty Media Corporation,269-531-9528,flagekd@toplist.cz,10/5/2023,6/1/2024
735,Regional Management Corp.,963-328-0774,scolebournke@java.com,10/31/2023,8/26/2024
736,DTE Energy Company,128-771-9519,lgennkf@earthlink.net,11/28/2023,8/17/2024
737,"MobileIron, Inc.",208-663-2258,ttopleykg@issuu.com,10/30/2023,10/13/2024
738,"Fresh Del Monte Produce, Inc.",248-414-5890,ttreagustkh@bandcamp.com,10/26/2023,6/3/2024
739,Pimco Income Opportunity Fund,600-703-0490,mgrimestoneki@free.fr,11/13/2023,6/3/2024
740,"Mellanox Technologies, Ltd.",778-161-0858,gscawenkj@imageshack.us,11/9/2023,5/30/2024
741,Big 5 Sporting Goods Corporation,208-393-0308,clatheykk@icio.us,10/7/2023,7/6/2024
742,"TerraVia Holdings, Inc.",684-848-6986,ccicconettiikl@technorati.com,12/4/2023,7/18/2024
743,"CatchMark Timber Trust, Inc.",971-617-3339,cwebbenkm@yale.edu,10/27/2023,9/23/2024
744,TiGenix,448-979-5006,voakeykn@boston.com,11/23/2023,3/8/2024
745,1st Source Corporation,933-593-8927,skingwellko@weibo.com,12/2/2023,1/27/2024
746,Credit Suisse AG,920-254-4097,weynaldkp@slate.com,11/22/2023,9/1/2024
747,First Trust Small Cap Value AlphaDEX Fund,920-662-3463,jcomollikq@bandcamp.com,12/5/2023,6/18/2024
748,"Entegris, Inc.",242-933-2071,nodlinkr@house.gov,10/4/2023,5/13/2024
749,Harmony Merger Corp.,155-497-1460,dwadesonks@home.pl,11/10/2023,4/12/2024
750,iPath US Treasury 2-year Bear ETN,843-472-8961,ygleetonkt@google.ru,12/14/2023,4/4/2024
751,Westwood Holdings Group Inc,387-364-3733,csloperku@squidoo.com,10/24/2023,2/6/2024
752,Colonial Investment Grade Municipal Trust,188-462-4744,lguinesskv@blogtalkradio.com,10/18/2023,5/28/2024
753,MagnaChip Semiconductor Corporation,305-520-3553,chachardkw@com.com,12/17/2023,8/18/2024
754,Constellation Brands Inc,790-648-1237,rmccheynekx@gov.uk,10/25/2023,2/3/2024
755,Brandywine Realty Trust,353-207-4201,esturmanky@jalbum.net,10/25/2023,1/18/2024
756,Globant S.A.,161-888-6299,ioloughanekz@wiley.com,11/27/2023,5/22/2024
757,Xinyuan Real Estate Co Ltd,998-394-9760,lfredil0@youtube.com,10/15/2023,6/19/2024
758,"Atwood Oceanics, Inc.",377-191-8192,arizzardil1@rakuten.co.jp,11/2/2023,8/15/2024
759,BlackBerry Limited,385-581-7894,breadheadl2@fema.gov,10/11/2023,3/6/2024
760,NewJersey Resources Corporation,731-151-1911,gscolesl3@diigo.com,12/14/2023,1/20/2024
761,Arconic Inc.,239-560-1904,ncranhaml4@state.gov,10/5/2023,7/4/2024
762,Nuveen Quality Preferred Income Fund 2,201-930-3194,mdebankel5@mac.com,12/9/2023,9/20/2024
763,Bunge Limited,743-789-8238,orodearl6@sciencedirect.com,11/25/2023,1/24/2024
764,Oxford Lane Capital Corp.,528-191-5456,wmuffordl7@tamu.edu,10/2/2023,9/6/2024
765,Bristol-Myers Squibb Company,381-382-5628,rpaikl8@google.co.uk,11/27/2023,9/18/2024
766,"CenturyLink, Inc.",531-810-9359,cellitl9@who.int,10/10/2023,3/21/2024
767,"Interactive Brokers Group, Inc.",189-891-6911,msaintepaulla@howstuffworks.com,12/14/2023,6/8/2024
768,"GTY Technology Holdings, Inc.",949-526-0015,bwaryklb@histats.com,12/19/2023,2/19/2024
769,"ICF International, Inc.",490-897-4556,cstandevenlc@homestead.com,10/10/2023,5/15/2024
770,Hecla Mining Company,774-555-2659,dbuyld@forbes.com,12/11/2023,5/19/2024
771,Amira Nature Foods Ltd,615-655-3290,wblanninle@phoca.cz,10/12/2023,1/28/2024
772,"CEVA, Inc.",308-732-3526,jiacovacciolf@abc.net.au,10/11/2023,6/13/2024
773,E*TRADE Financial Corporation,567-464-0642,wtareelg@google.com.hk,10/15/2023,1/29/2024
774,"Civitas Solutions, Inc.",940-772-1895,spoteburylh@go.com,12/2/2023,6/27/2024
775,"Whole Foods Market, Inc.",112-851-8832,ecopsli@reddit.com,12/20/2023,4/13/2024
776,Banco Bradesco Sa,290-804-8798,sfrangletonlj@bing.com,12/20/2023,6/14/2024
777,Arconic Inc.,998-783-4120,fhatherilllk@dailymotion.com,12/9/2023,7/29/2024
778,"Acasti Pharma, Inc.",323-824-7926,dbarendsll@altervista.org,11/22/2023,4/19/2024
779,REX American Resources Corporation,105-344-2301,mpotelllm@mapquest.com,11/21/2023,8/20/2024
780,Silicon Motion Technology Corporation,821-575-4797,rstearnln@acquirethisname.com,12/19/2023,10/8/2024
781,Lindblad Expeditions Holdings Inc. ,970-714-4445,wleelelo@aol.com,12/19/2023,9/16/2024
782,"Pretium Resources, Inc.",383-894-4989,ivernilp@scribd.com,11/28/2023,9/10/2024
783,"Fuwei Films (Holdings) Co., Ltd.",578-180-1841,bcansdelllq@berkeley.edu,12/22/2023,9/27/2024
784,BalckRock Taxable Municipal Bond Trust,531-820-1445,seburnelr@smh.com.au,11/14/2023,2/22/2024
785,Dana Incorporated,317-426-2074,hfishels@msu.edu,12/20/2023,9/12/2024
786,Tenet Healthcare Corporation,870-489-0545,lharborlt@microsoft.com,11/9/2023,4/7/2024
787,Intec Pharma Ltd.,121-331-0174,adarrellu@dagondesign.com,11/23/2023,8/26/2024
788,Caesarstone Ltd.,569-829-0989,kguideralv@pen.io,11/22/2023,7/8/2024
789,"Donaldson Company, Inc.",822-617-0298,ekainzlw@howstuffworks.com,12/9/2023,2/4/2024
790,"Badger Meter, Inc.",469-984-4967,gbearblocklx@gravatar.com,11/20/2023,4/7/2024
791,"Dominion Energy, Inc.",788-611-4214,stattersillly@hostgator.com,12/9/2023,6/7/2024
792,MannKind Corporation,798-942-8037,rtalbotlz@amazon.co.uk,10/7/2023,6/9/2024
793,"Welbilt, Inc.",900-571-4902,cfolletm0@list-manage.com,12/8/2023,8/25/2024
794,Signature Bank,984-612-5508,maspinellm1@theguardian.com,12/10/2023,8/19/2024
795,Fulton Financial Corporation,761-773-3974,msaltmarshem2@dmoz.org,11/22/2023,5/16/2024
796,ChipMOS TECHNOLOGIES INC.,442-914-6035,rpietrasikm3@nasa.gov,11/22/2023,4/17/2024
797,Virco Manufacturing Corporation,489-973-3415,jcollarm4@bloglines.com,12/8/2023,9/20/2024
798,Quanex Building Products Corporation,152-853-9073,nblinderm5@hc360.com,12/10/2023,6/9/2024
799,"Medical Transcription Billing, Corp.",872-290-9202,vrichmontm6@slideshare.net,11/19/2023,2/4/2024
800,First Trust Large Cap Core AlphaDEX Fund,883-567-2610,mbrosinim7@jugem.jp,12/4/2023,3/14/2024
801,Alphabet Inc.,987-916-2236,jroderickm8@unblog.fr,11/28/2023,2/21/2024
802,Double Eagle Acquisition Corp.,148-450-0468,vblewettm9@ted.com,10/20/2023,10/7/2024
803,Modine Manufacturing Company,913-437-3815,llepiscopima@last.fm,12/3/2023,9/10/2024
804,"Ruth's Hospitality Group, Inc.",492-938-5184,mtraitemb@google.com.br,11/24/2023,7/11/2024
805,"LivePerson, Inc.",896-104-6644,rredsallmc@ftc.gov,11/11/2023,4/29/2024
806,"Obalon Therapeutics, Inc.",583-964-6052,pmelettimd@nytimes.com,11/19/2023,2/26/2024
807,iShares Fallen Angels USD Bond ETF,612-111-8637,aaskenme@creativecommons.org,12/1/2023,3/21/2024
808,Vonage Holdings Corp.,568-266-4395,abowsmf@instagram.com,12/7/2023,5/2/2024
809,"Versum Materials, Inc.",443-475-9243,ofellibrandmg@nps.gov,12/16/2023,7/14/2024
810,Brookfield Global Listed Infrastructure Income Fund,157-793-7670,jferrolimh@godaddy.com,11/17/2023,6/2/2024
811,"Organovo Holdings, Inc.",355-355-8899,jderuggeromi@paginegialle.it,10/23/2023,5/19/2024
812,JetPay Corporation,738-103-2792,cpellamonutenmj@phpbb.com,12/12/2023,1/17/2024
813,Atlantic American Corporation,793-648-9309,flangfordmk@ameblo.jp,11/15/2023,5/18/2024
814,"Pacific American Income Shares, Inc.",429-621-4898,gstodhartml@dell.com,11/26/2023,9/8/2024
815,LRAD Corporation,363-764-3141,abilsfordmm@admin.ch,10/15/2023,5/26/2024
816,BlackRock Credit Allocation Income Trust,119-662-3500,thartellmn@csmonitor.com,11/21/2023,1/26/2024
817,Ocean Rig UDW Inc.,954-649-2775,lmcrinnmo@yahoo.co.jp,11/18/2023,8/19/2024
818,Vantage Energy Acquisition Corp.,911-486-4349,aemmanuelmp@posterous.com,11/27/2023,7/18/2024
819,Stellus Capital Investment Corporation,483-896-0251,kpulhammq@cnet.com,11/5/2023,4/11/2024
820,Ashford Hospitality Trust Inc,196-686-2263,fdeveremr@usa.gov,11/6/2023,1/22/2024
821,China Auto Logistics Inc.,414-946-4051,croylancems@hhs.gov,11/30/2023,4/25/2024
822,"Hostess Brands, Inc.",492-121-5400,drickwoodmt@sina.com.cn,12/12/2023,4/1/2024
823,Sonoco Products Company,670-887-9875,kcordetmu@nytimes.com,12/18/2023,1/20/2024
824,"Asta Funding, Inc.",448-813-7675,iclampinmv@wix.com,10/18/2023,8/26/2024
825,Belden Inc,165-289-4665,dkeersmw@cocolog-nifty.com,11/2/2023,3/31/2024
826,Fidelity Southern Corporation,288-306-0465,lsuggemx@indiegogo.com,12/15/2023,2/28/2024
827,"Radius Health, Inc.",842-439-3339,cokennymy@cnet.com,11/24/2023,2/4/2024
828,Nuveen Preferred and Income 2022 Term Fund,950-881-2961,nheinemz@blogger.com,10/1/2023,9/22/2024
829,Blackrock MuniYield Investment Fund,882-222-6523,emarusikn0@privacy.gov.au,12/4/2023,2/19/2024
830,"Build-A-Bear Workshop, Inc.",119-167-2102,cbonnickn1@imdb.com,12/4/2023,3/25/2024
831,Drive Shack Inc.,995-190-5148,edominiakn2@photobucket.com,11/4/2023,4/27/2024
832,First Trust NASDAQ Technology Dividend Index Fund,611-274-8768,gmackeevern3@tmall.com,11/22/2023,1/22/2024
833,"Cornerstone OnDemand, Inc.",472-653-0880,waultn4@uiuc.edu,11/7/2023,6/14/2024
834,Bank of South Carolina Corp.,762-694-4406,yedinburghn5@mysql.com,12/9/2023,3/15/2024
835,"FCB Financial Holdings, Inc.",954-228-5636,lplumn6@gov.uk,11/14/2023,9/29/2024
836,"Oclaro, Inc.",895-115-5099,mmelladewn7@1und1.de,10/18/2023,8/3/2024
837,ClearSign Combustion Corporation,464-802-8544,dkettlestringesn8@bigcartel.com,11/24/2023,2/28/2024
838,"Niagara Mohawk Holdings, Inc.",812-437-2213,skelwayn9@skyrock.com,11/9/2023,7/3/2024
839,JinkoSolar Holding Company Limited,846-312-3214,raldwincklena@mediafire.com,12/7/2023,6/23/2024
840,The Intergroup Corporation,456-331-0847,lmehargnb@google.it,11/13/2023,2/17/2024
841,"PCM, Inc.",849-615-2193,ebulmannc@yolasite.com,12/15/2023,2/9/2024
842,"A V Homes, Inc.",276-697-4297,sgravestonend@plala.or.jp,11/30/2023,1/10/2024
843,Umpqua Holdings Corporation,268-305-5455,ienglishbyne@fastcompany.com,12/5/2023,8/30/2024
844,Lennar Corporation,563-938-2175,aeasonnf@indiatimes.com,11/14/2023,6/27/2024
845,B Communications Ltd.,548-281-7909,pletessierng@answers.com,11/12/2023,3/22/2024
846,Double Eagle Acquisition Corp.,680-426-5111,idimitrovnh@china.com.cn,11/22/2023,5/5/2024
847,Gabelli Dividend,209-781-3117,abudcockni@answers.com,10/15/2023,6/25/2024
848,lululemon athletica inc.,227-706-6450,zblackmuirnj@utexas.edu,11/2/2023,9/7/2024
849,American Equity Investment Life Holding Company,385-419-2661,dswadlennk@opera.com,10/16/2023,5/5/2024
850,Sonoco Products Company,727-833-1874,achallennl@merriam-webster.com,12/4/2023,9/20/2024
851,Karyopharm Therapeutics Inc.,120-449-1002,ccleevenm@japanpost.jp,10/28/2023,1/17/2024
852,"Team, Inc.",955-708-7423,ncrudennn@dagondesign.com,11/16/2023,6/24/2024
853,"Natural Grocers by Vitamin Cottage, Inc.",750-721-1072,kgiamono@sogou.com,11/16/2023,7/27/2024
854,"CapStar Financial Holdings, Inc.",433-873-0830,ddeverauxnp@bloglovin.com,10/10/2023,3/21/2024
855,"Workday, Inc.",659-964-0988,mlydiattnq@nymag.com,10/2/2023,8/15/2024
856,"CatchMark Timber Trust, Inc.",178-447-1967,umackerelnr@istockphoto.com,12/9/2023,1/5/2024
857,PennantPark Investment Corporation,889-669-8144,efontelns@admin.ch,12/6/2023,5/14/2024
858,"LogMein, Inc.",381-963-9642,eholligannt@un.org,12/8/2023,7/26/2024
859,Gilat Satellite Networks Ltd.,231-351-5408,fkeareynu@si.edu,10/19/2023,7/28/2024
860,"Autodesk, Inc.",262-326-3903,ddanilishinnv@amazon.com,11/12/2023,5/13/2024
861,"Carriage Services, Inc.",417-468-8409,sstitchernw@phoca.cz,10/29/2023,1/16/2024
862,"Marathon Patent Group, Inc.",135-846-6303,rashenhurstnx@shareasale.com,10/12/2023,1/16/2024
863,"BlackLine, Inc.",306-110-5348,pforsterny@w3.org,12/7/2023,7/12/2024
864,PAR Technology Corporation,876-368-4595,ckarpmannnz@utexas.edu,11/22/2023,3/12/2024
865,"Ascena Retail Group, Inc.",895-108-9203,rduckerino0@tripod.com,10/6/2023,2/9/2024
866,"Whole Foods Market, Inc.",700-813-7944,lcawthrono1@samsung.com,11/3/2023,5/4/2024
867,"Matson, Inc.",590-694-5889,mdelaspeeo2@miibeian.gov.cn,10/27/2023,5/20/2024
868,Williams Partners LP,694-539-9179,eashwino3@google.es,10/11/2023,5/12/2024
869,CBS Corporation,882-397-6569,dnowakowskio4@ucoz.ru,10/27/2023,7/6/2024
870,Tsakos Energy Navigation Ltd,862-396-6054,lricsono5@creativecommons.org,11/26/2023,2/29/2024
871,OUTFRONT Media Inc.,341-434-3401,nclaridgeo6@senate.gov,11/30/2023,6/10/2024
872,Hecla Mining Company,991-784-2396,skernero7@dion.ne.jp,11/3/2023,5/10/2024
873,IPG Photonics Corporation,975-962-8101,nwattinhamo8@amazonaws.com,11/15/2023,6/4/2024
874,Pool Corporation,996-366-0703,fheepso9@theglobeandmail.com,11/8/2023,8/29/2024
875,VelocityShares VIX Medium-Term ETN,714-458-5691,hjannawayoa@miibeian.gov.cn,10/31/2023,3/3/2024
876,Mosaic Company (The),743-277-8179,rstiellob@mit.edu,12/22/2023,5/6/2024
877,Student Transportation Inc,699-937-0815,kquickfalloc@mashable.com,10/28/2023,9/19/2024
878,"Endocyte, Inc.",113-895-0487,dlieberod@cnn.com,11/6/2023,2/6/2024
879,"FalconStor Software, Inc.",753-464-1198,cbrattonoe@list-manage.com,12/13/2023,5/3/2024
880,"Adams Diversified Equity Fund, Inc.",551-413-6710,whuxstepof@huffingtonpost.com,11/10/2023,5/13/2024
881,Westrock Company,614-256-4729,dphetheanog@smugmug.com,11/16/2023,1/28/2024
882,TriplePoint Venture Growth BDC Corp.,438-723-4750,wcadanyoh@reuters.com,11/24/2023,3/21/2024
883,Public Storage,379-743-8649,gclampinoi@reuters.com,10/17/2023,3/17/2024
884,BlackRock Energy and Resources Trust,152-505-1493,ljanickioj@washingtonpost.com,12/14/2023,1/20/2024
885,"ADOMANI, Inc.",727-989-9942,mlewinok@vimeo.com,10/21/2023,2/3/2024
886,PowerShares Global Gold & Precious Metals Portfolio,548-880-6131,tcresseyol@sbwire.com,10/13/2023,8/19/2024
887,"Fogo de Chao, Inc.",527-797-5017,adavidsohnom@newsvine.com,10/23/2023,6/24/2024
888,Sibanye Gold Limited,808-399-0473,pmacfarlandon@google.com.au,10/27/2023,9/7/2024
889,Washington Real Estate Investment Trust,465-565-8465,fchateauoo@webmd.com,12/15/2023,2/15/2024
890,KB Financial Group Inc,385-199-3614,izottoliop@si.edu,10/17/2023,4/19/2024
891,PowerShares Russell 1000 Low Beta Equal Weight Portfolio,601-252-0912,kgarrouldoq@ycombinator.com,11/28/2023,1/31/2024
892,"Caleres, Inc.",140-805-8545,gsporeor@t-online.de,11/5/2023,10/9/2024
893,Jones Lang LaSalle Incorporated,850-511-2123,plivingstonos@timesonline.co.uk,11/24/2023,1/11/2024
894,WVS Financial Corp.,577-264-7310,lespadasot@europa.eu,11/13/2023,10/13/2024
895,"AG Mortgage Investment Trust, Inc.",927-338-7914,pholyardou@oakley.com,10/29/2023,2/28/2024
896,Stellar Acquisition III Inc.,718-875-6165,pvolanteov@ebay.com,12/7/2023,3/24/2024
897,"Canon, Inc.",334-585-6468,bsimmersow@barnesandnoble.com,11/17/2023,1/1/2024
898,"Tableau Software, Inc.",518-307-6569,kprantlox@flavors.me,11/6/2023,7/22/2024
899,Renren Inc.,408-217-5904,okilsbyoy@google.com,12/12/2023,6/28/2024
900,Intra-Cellular Therapies Inc.,698-934-3771,wsidaryoz@cdbaby.com,10/25/2023,3/8/2024
901,"Automatic Data Processing, Inc.",248-162-8418,croomesp0@goo.ne.jp,11/28/2023,1/3/2024
902,"Consolidated Communications Holdings, Inc.",474-203-9471,rcowlamp1@tuttocitta.it,11/21/2023,5/15/2024
903,"Digital Realty Trust, Inc.",107-715-8287,cseifp2@indiatimes.com,12/9/2023,1/8/2024
904,"Buckle, Inc. (The)",555-747-0214,screakp3@themeforest.net,12/17/2023,4/13/2024
905,First Horizon National Corporation,888-391-7023,aadsheadp4@zdnet.com,12/22/2023,4/11/2024
906,Peoples Bancorp Inc.,330-221-5383,lguiderap5@cornell.edu,12/2/2023,3/18/2024
907,Emclaire Financial Corp,167-542-4998,fgreswellp6@comcast.net,10/24/2023,9/20/2024
908,Nuveen Select Tax Free Income Portfolio,519-877-3669,ecollickp7@yelp.com,10/9/2023,4/4/2024
909,"Equity Lifestyle Properties, Inc.",611-317-9230,agerdesp8@scribd.com,10/7/2023,9/25/2024
910,BlackRock Credit Allocation Income Trust,409-695-9616,ashimonip9@sourceforge.net,11/14/2023,5/19/2024
911,Royal Bank Of Canada,354-536-3976,bkeelypa@ifeng.com,12/15/2023,8/16/2024
912,PowerShares BuyBack Achievers Portfolio,875-859-5663,psonierpb@com.com,10/31/2023,2/9/2024
913,"CenterPoint Energy, Inc.",244-916-5575,gyerbypc@comcast.net,11/13/2023,9/27/2024
914,Advanced Accelerator Applications S.A.,293-497-5962,gtookeypd@earthlink.net,10/1/2023,1/12/2024
915,"Editas Medicine, Inc.",548-636-7299,smackellarpe@nasa.gov,11/4/2023,9/16/2024
916,"Navigant Consulting, Inc.",304-889-3314,cbonifantpf@bloomberg.com,12/2/2023,6/7/2024
917,"A V Homes, Inc.",401-915-2823,cgalliepg@mail.ru,11/25/2023,6/17/2024
918,Entegra Financial Corp.,798-988-1784,gdulwitchph@ask.com,11/25/2023,5/23/2024
919,NewLink Genetics Corporation,937-636-7712,urowanpi@omniture.com,12/17/2023,2/7/2024
920,Verizon Communications Inc.,999-322-3524,bhellinpj@patch.com,10/29/2023,2/28/2024
921,Bank of America Corporation,990-538-5724,slancastlepk@google.nl,11/3/2023,1/25/2024
922,"Amber Road, Inc.",254-966-0289,tmcanultypl@php.net,11/29/2023,6/20/2024
923,"Cellectar Biosciences, Inc.",366-650-6168,fokeefepm@sbwire.com,10/29/2023,7/7/2024
924,WGL Holdings Inc,630-743-5958,gscardifieldpn@t-online.de,10/1/2023,7/25/2024
925,"General Communication, Inc.",649-270-8855,nfairmanpo@google.co.uk,12/2/2023,4/18/2024
926,"EQT GP Holdings, LP",426-558-9385,cgoodrichpp@about.me,11/28/2023,9/24/2024
927,"Proteostasis Therapeutics, Inc.",823-155-5191,cosbournpq@toplist.cz,10/27/2023,6/10/2024
928,The Organics ETF,984-955-7804,abosenworthpr@addtoany.com,10/11/2023,8/10/2024
929,Ames National Corporation,309-851-2962,jdyps@123-reg.co.uk,11/30/2023,1/14/2024
930,AGNC Investment Corp.,949-191-9891,critzmanpt@gravatar.com,10/21/2023,6/5/2024
931,"Tortoise Energy Independence Fund, Inc.",734-524-5599,mwrightonpu@wunderground.com,10/28/2023,5/13/2024
932,"Cohen & Steers Global Income Builder, Inc.",632-575-7464,jrittmeierpv@washingtonpost.com,10/13/2023,4/7/2024
933,Wells Fargo & Company,659-401-1688,rscraggspw@globo.com,10/15/2023,4/7/2024
934,Gamestop Corporation,251-152-9962,phindenbergerpx@engadget.com,11/28/2023,8/27/2024
935,Cross Timbers Royalty Trust,554-567-2085,zdinegespy@ftc.gov,11/13/2023,5/29/2024
936,Rocket Fuel Inc.,536-157-3917,msurcombepz@mit.edu,11/13/2023,2/16/2024
937,"World Wrestling Entertainment, Inc.",430-851-3257,gmoxleyq0@paypal.com,11/3/2023,10/12/2024
938,PowerShares DWA Tactical Sector Rotation Portfolio,479-792-3240,iridgeq1@who.int,11/29/2023,3/30/2024
939,Empresa Distribuidora Y Comercializadora Norte S.A. (Edenor),657-824-5681,hbuckneyq2@xrea.com,10/8/2023,6/4/2024
940,XOMA Corporation,781-250-2081,asteansonq3@zimbio.com,12/15/2023,5/3/2024
941,"CRA International,Inc.",976-795-3491,khampsonq4@upenn.edu,11/29/2023,8/26/2024
942,Arlington Asset Investment Corp,297-511-2142,amcpaikeq5@walmart.com,10/12/2023,5/14/2024
943,"Limelight Networks, Inc.",215-968-8038,cdaltonq6@squidoo.com,12/15/2023,9/21/2024
944,First Trust/Aberdeen Emerging Opportunity Fund,704-641-8704,lmeneyerq7@friendfeed.com,10/21/2023,3/2/2024
945,Time Warner Inc.,450-564-8444,gdorseyq8@flavors.me,12/17/2023,8/3/2024
946,State Bank Financial Corporation.,834-249-3011,wmacguiganq9@cafepress.com,10/3/2023,9/3/2024
947,DURECT Corporation,257-265-4234,ebrydieqa@jalbum.net,11/18/2023,8/8/2024
948,SEACOR Marine Holdings Inc.,963-360-8312,dbrutyqb@angelfire.com,11/14/2023,8/16/2024
949,Kansas City Southern,203-606-9587,lgoadqc@lycos.com,10/2/2023,8/5/2024
950,Jensyn Acquistion Corp.,259-868-9686,jtaskerqd@histats.com,10/24/2023,10/7/2024
951,Chesapeake Lodging Trust,198-370-7122,sfradsonqe@wisc.edu,12/12/2023,3/28/2024
952,"Sonic Foundry, Inc.",330-427-0169,rwanklinqf@ovh.net,10/29/2023,8/18/2024
953,Star Bulk Carriers Corp.,310-281-9209,yklaggesqg@mysql.com,11/15/2023,5/5/2024
954,iShares S&P Global Clean Energy Index Fund,286-683-6950,bproschekqh@forbes.com,12/7/2023,3/24/2024
955,"Sarepta Therapeutics, Inc.",167-917-5593,ljeenesqi@so-net.ne.jp,10/9/2023,7/21/2024
956,Canada Goose Holdings Inc.,212-637-0727,dcaillouqj@google.es,10/1/2023,6/12/2024
957,"Universal Forest Products, Inc.",748-911-6632,eschindlerqk@arstechnica.com,10/16/2023,3/21/2024
958,"Chembio Diagnostics, Inc.",632-543-2819,bdoohanql@nhs.uk,11/9/2023,2/4/2024
959,"Saia, Inc.",222-438-5312,vshewardqm@google.co.uk,11/29/2023,5/30/2024
960,"Glacier Bancorp, Inc.",702-958-5076,ahewlingsqn@bloomberg.com,11/17/2023,1/11/2024
961,"Merck & Company, Inc.",297-373-9347,belseyqo@newsvine.com,11/4/2023,6/7/2024
962,"Red Hat, Inc.",670-968-3339,astoltzqp@reddit.com,11/6/2023,1/20/2024
963,Garmin Ltd.,866-987-1983,dvaleroqq@shutterfly.com,10/24/2023,10/5/2024
964,Mercer International Inc.,828-463-9892,pkimmittqr@symantec.com,11/14/2023,5/9/2024
965,Blueprint Medicines Corporation,940-437-4897,oohenecanqs@usa.gov,12/11/2023,8/10/2024
966,Molson Coors Brewing  Company,539-257-4320,lgargettqt@pagesperso-orange.fr,11/9/2023,4/13/2024
967,"Dermira, Inc.",887-603-2171,jcristoforqu@virginia.edu,12/9/2023,8/7/2024
968,SLM Corporation,658-709-5474,rfermorqv@vinaora.com,12/2/2023,1/11/2024
969,"Avnet, Inc.",789-424-4762,mwhopplesqw@scribd.com,12/7/2023,1/6/2024
970,Elbit Imaging Ltd.,905-286-7840,channabussqx@over-blog.com,10/23/2023,5/9/2024
971,Citigroup Inc.,686-164-7520,mbroshqy@miibeian.gov.cn,11/24/2023,9/19/2024
972,"Lantronix, Inc.",725-626-6376,fornellsqz@about.me,11/5/2023,4/12/2024
973,Bioblast Pharma Ltd.,592-962-6143,zsimenotr0@slate.com,12/12/2023,9/22/2024
974,Qwest Corporation,441-630-9179,amandelr1@hostgator.com,12/1/2023,8/22/2024
975,Double Eagle Acquisition Corp.,401-935-3934,nluker2@wikipedia.org,12/22/2023,9/7/2024
976,Clifton Bancorp Inc.,764-714-8170,abreakwellr3@sakura.ne.jp,10/22/2023,5/18/2024
977,BorgWarner Inc.,102-278-9488,asewardr4@mysql.com,11/12/2023,7/11/2024
978,"LM Funding America, Inc.",651-834-7902,ljeaffersonr5@harvard.edu,11/5/2023,2/8/2024
979,"Tortoise Power and Energy Infrastructure Fund, Inc",492-753-4546,seavesr6@auda.org.au,12/21/2023,1/15/2024
980,"Adverum Biotechnologies, Inc.",820-237-4034,dweatherellr7@washington.edu,10/4/2023,5/5/2024
981,Vanguard International High Dividend Yield ETF,848-759-7917,atomer8@myspace.com,10/21/2023,9/12/2024
982,Eastman Kodak Company,735-440-5648,lrenehanr9@free.fr,10/19/2023,8/10/2024
983,Nuveen Connecticut Quality Municipal Income Fund,410-851-4017,bpalfremanra@washington.edu,12/1/2023,3/30/2024
984,"Nathan's Famous, Inc.",306-305-5172,forablerb@cam.ac.uk,12/13/2023,9/7/2024
985,"Gray Television, Inc.",887-324-8219,njeffesrc@europa.eu,10/1/2023,6/29/2024
986,BB&T Corporation,506-298-2997,lspratlingrd@angelfire.com,11/28/2023,10/8/2024
987,"Lake Shore Bancorp, Inc.",437-608-0139,nglanisterre@state.gov,11/23/2023,3/15/2024
988,"Blackrock Enhanced Government Fund, Inc",487-115-9366,mjamesonrf@google.co.jp,11/5/2023,5/22/2024
989,"HopFed Bancorp, Inc.",775-382-0804,gokenfoldrg@unblog.fr,10/18/2023,9/23/2024
990,PBF Logistics LP,546-550-4391,achallicumrh@newsvine.com,11/4/2023,4/29/2024
991,First Trust Global Tactical Commodity Strategy Fund,538-373-5859,cdakinri@smh.com.au,10/26/2023,5/12/2024
992,"MabVax Therapeutics Holdings, Inc.",745-857-3514,rdudeneyrj@engadget.com,10/17/2023,6/13/2024
993,Capital One Financial Corporation,203-696-2509,iberlingrk@goodreads.com,10/10/2023,5/19/2024
994,"Cidara Therapeutics, Inc.",253-370-4308,rbarehamrl@wikimedia.org,12/1/2023,5/8/2024
995,"Alphatec Holdings, Inc.",460-508-9346,gwannanrm@omniture.com,12/21/2023,5/3/2024
996,"Sonoma Pharmaceuticals, Inc.",348-962-2772,sbarbaryrn@shop-pro.jp,12/8/2023,9/27/2024
997,"Solaris Oilfield Infrastructure, Inc.",763-699-2956,smidsonro@weebly.com,10/28/2023,8/27/2024
998,Steelcase Inc.,586-564-7936,bwyerrp@prnewswire.com,11/11/2023,1/19/2024
999,United States Cellular Corporation,865-633-3655,dpipesrq@hugedomains.com,10/17/2023,9/28/2024
1000,VictoryShares International Volatility Wtd ETF,848-558-8029,scraikrr@over-blog.com,12/18/2023,1/5/2024
